,id,ethnicity
0,n000034,African American
1,n000034,African American
2,n000034,African American
3,n000034,African American
4,n000034,African American
5,n000034,African American
6,n000034,African American
7,n000034,African American
8,n000034,African American
9,n000034,African American
10,n000034,African American
11,n000034,African American
12,n000034,African American
13,n000034,African American
14,n000034,African American
15,n000034,African American
16,n000034,African American
17,n000034,African American
18,n000034,African American
19,n000034,African American
20,n000034,African American
21,n000034,African American
22,n000034,African American
23,n000034,African American
24,n000034,African American
25,n000034,African American
26,n000034,African American
27,n000034,African American
28,n000034,African American
29,n000034,African American
30,n000034,African American
31,n000034,African American
32,n000034,African American
33,n000034,African American
34,n000034,African American
35,n000034,African American
36,n000034,African American
37,n000034,African American
38,n000034,African American
39,n000034,African American
40,n000034,African American
41,n000034,African American
42,n000034,African American
43,n000034,African American
44,n000034,African American
45,n000034,African American
46,n000034,African American
47,n000034,African American
48,n000034,African American
49,n000034,African American
50,n000096,African American
51,n000096,African American
52,n000096,African American
53,n000096,African American
54,n000096,African American
55,n000096,African American
56,n000096,African American
57,n000096,African American
58,n000096,African American
59,n000096,African American
60,n000096,African American
61,n000096,African American
62,n000096,African American
63,n000096,African American
64,n000096,African American
65,n000096,African American
66,n000096,African American
67,n000096,African American
68,n000096,African American
69,n000096,African American
70,n000096,African American
71,n000096,African American
72,n000096,African American
73,n000096,African American
74,n000096,African American
75,n000096,African American
76,n000096,African American
77,n000096,African American
78,n000096,African American
79,n000096,African American
80,n000096,African American
81,n000096,African American
82,n000096,African American
83,n000096,African American
84,n000096,African American
85,n000096,African American
86,n000096,African American
87,n000096,African American
88,n000096,African American
89,n000096,African American
90,n000096,African American
91,n000096,African American
92,n000096,African American
93,n000096,African American
94,n000096,African American
95,n000096,African American
96,n000096,African American
97,n000096,African American
98,n000096,African American
99,n000096,African American
100,n000094,African American
101,n000094,African American
102,n000094,African American
103,n000094,African American
104,n000094,African American
105,n000094,African American
106,n000094,African American
107,n000094,African American
108,n000094,African American
109,n000094,African American
110,n000094,African American
111,n000094,African American
112,n000094,African American
113,n000094,African American
114,n000094,African American
115,n000094,African American
116,n000094,African American
117,n000094,African American
118,n000094,African American
119,n000094,African American
120,n000094,African American
121,n000094,African American
122,n000094,African American
123,n000094,African American
124,n000094,African American
125,n000094,African American
126,n000094,African American
127,n000094,African American
128,n000094,African American
129,n000094,African American
130,n000094,African American
131,n000094,African American
132,n000094,African American
133,n000094,African American
134,n000094,African American
135,n000094,African American
136,n000094,African American
137,n000094,African American
138,n000094,African American
139,n000094,African American
140,n000094,African American
141,n000094,African American
142,n000094,African American
143,n000094,African American
144,n000094,African American
145,n000094,African American
146,n000094,African American
147,n000094,African American
148,n000094,African American
149,n000094,African American
150,n000014,African American
151,n000014,African American
152,n000014,African American
153,n000014,African American
154,n000014,African American
155,n000014,African American
156,n000014,African American
157,n000014,African American
158,n000014,African American
159,n000014,African American
160,n000014,African American
161,n000014,African American
162,n000014,African American
163,n000014,African American
164,n000014,African American
165,n000014,African American
166,n000014,African American
167,n000014,African American
168,n000014,African American
169,n000014,African American
170,n000014,African American
171,n000014,African American
172,n000014,African American
173,n000014,African American
174,n000014,African American
175,n000014,African American
176,n000014,African American
177,n000014,African American
178,n000014,African American
179,n000014,African American
180,n000014,African American
181,n000014,African American
182,n000014,African American
183,n000014,African American
184,n000014,African American
185,n000014,African American
186,n000014,African American
187,n000014,African American
188,n000014,African American
189,n000014,African American
190,n000014,African American
191,n000014,African American
192,n000014,African American
193,n000014,African American
194,n000014,African American
195,n000014,African American
196,n000014,African American
197,n000014,African American
198,n000014,African American
199,n000014,African American
200,n000015,African American
201,n000015,African American
202,n000015,African American
203,n000015,African American
204,n000015,African American
205,n000015,African American
206,n000015,African American
207,n000015,African American
208,n000015,African American
209,n000015,African American
210,n000015,African American
211,n000015,African American
212,n000015,African American
213,n000015,African American
214,n000015,African American
215,n000015,African American
216,n000015,African American
217,n000015,African American
218,n000015,African American
219,n000015,African American
220,n000015,African American
221,n000015,African American
222,n000015,African American
223,n000015,African American
224,n000015,African American
225,n000015,African American
226,n000015,African American
227,n000015,African American
228,n000015,African American
229,n000015,African American
230,n000015,African American
231,n000015,African American
232,n000015,African American
233,n000015,African American
234,n000015,African American
235,n000015,African American
236,n000015,African American
237,n000015,African American
238,n000015,African American
239,n000015,African American
240,n000015,African American
241,n000015,African American
242,n000015,African American
243,n000015,African American
244,n000015,African American
245,n000015,African American
246,n000015,African American
247,n000015,African American
248,n000015,African American
249,n000015,African American
250,n000076,African American
251,n000076,African American
252,n000076,African American
253,n000076,African American
254,n000076,African American
255,n000076,African American
256,n000076,African American
257,n000076,African American
258,n000076,African American
259,n000076,African American
260,n000076,African American
261,n000076,African American
262,n000076,African American
263,n000076,African American
264,n000076,African American
265,n000076,African American
266,n000076,African American
267,n000076,African American
268,n000076,African American
269,n000076,African American
270,n000076,African American
271,n000076,African American
272,n000076,African American
273,n000076,African American
274,n000076,African American
275,n000076,African American
276,n000076,African American
277,n000076,African American
278,n000076,African American
279,n000076,African American
280,n000076,African American
281,n000076,African American
282,n000076,African American
283,n000076,African American
284,n000076,African American
285,n000076,African American
286,n000076,African American
287,n000076,African American
288,n000076,African American
289,n000076,African American
290,n000076,African American
291,n000076,African American
292,n000076,African American
293,n000076,African American
294,n000076,African American
295,n000076,African American
296,n000076,African American
297,n000076,African American
298,n000076,African American
299,n000076,African American
300,n000007,East Asian
301,n000007,East Asian
302,n000007,East Asian
303,n000007,East Asian
304,n000007,East Asian
305,n000007,East Asian
306,n000007,East Asian
307,n000007,East Asian
308,n000007,East Asian
309,n000007,East Asian
310,n000007,East Asian
311,n000007,East Asian
312,n000007,East Asian
313,n000007,East Asian
314,n000007,East Asian
315,n000007,East Asian
316,n000007,East Asian
317,n000007,East Asian
318,n000007,East Asian
319,n000007,East Asian
320,n000007,East Asian
321,n000007,East Asian
322,n000007,East Asian
323,n000007,East Asian
324,n000007,East Asian
325,n000007,East Asian
326,n000007,East Asian
327,n000007,East Asian
328,n000007,East Asian
329,n000007,East Asian
330,n000007,East Asian
331,n000007,East Asian
332,n000007,East Asian
333,n000007,East Asian
334,n000007,East Asian
335,n000007,East Asian
336,n000007,East Asian
337,n000007,East Asian
338,n000007,East Asian
339,n000007,East Asian
340,n000007,East Asian
341,n000007,East Asian
342,n000007,East Asian
343,n000007,East Asian
344,n000007,East Asian
345,n000007,East Asian
346,n000007,East Asian
347,n000007,East Asian
348,n000007,East Asian
349,n000007,East Asian
350,n000006,East Asian
351,n000006,East Asian
352,n000006,East Asian
353,n000006,East Asian
354,n000006,East Asian
355,n000006,East Asian
356,n000006,East Asian
357,n000006,East Asian
358,n000006,East Asian
359,n000006,East Asian
360,n000006,East Asian
361,n000006,East Asian
362,n000006,East Asian
363,n000006,East Asian
364,n000006,East Asian
365,n000006,East Asian
366,n000006,East Asian
367,n000006,East Asian
368,n000006,East Asian
369,n000006,East Asian
370,n000006,East Asian
371,n000006,East Asian
372,n000006,East Asian
373,n000006,East Asian
374,n000006,East Asian
375,n000006,East Asian
376,n000006,East Asian
377,n000006,East Asian
378,n000006,East Asian
379,n000006,East Asian
380,n000006,East Asian
381,n000006,East Asian
382,n000006,East Asian
383,n000006,East Asian
384,n000006,East Asian
385,n000006,East Asian
386,n000006,East Asian
387,n000006,East Asian
388,n000006,East Asian
389,n000006,East Asian
390,n000006,East Asian
391,n000006,East Asian
392,n000006,East Asian
393,n000006,East Asian
394,n000006,East Asian
395,n000006,East Asian
396,n000006,East Asian
397,n000006,East Asian
398,n000006,East Asian
399,n000006,East Asian
400,n000010,East Asian
401,n000010,East Asian
402,n000010,East Asian
403,n000010,East Asian
404,n000010,East Asian
405,n000010,East Asian
406,n000010,East Asian
407,n000010,East Asian
408,n000010,East Asian
409,n000010,East Asian
410,n000010,East Asian
411,n000010,East Asian
412,n000010,East Asian
413,n000010,East Asian
414,n000010,East Asian
415,n000010,East Asian
416,n000010,East Asian
417,n000010,East Asian
418,n000010,East Asian
419,n000010,East Asian
420,n000010,East Asian
421,n000010,East Asian
422,n000010,East Asian
423,n000010,East Asian
424,n000010,East Asian
425,n000010,East Asian
426,n000010,East Asian
427,n000010,East Asian
428,n000010,East Asian
429,n000010,East Asian
430,n000010,East Asian
431,n000010,East Asian
432,n000010,East Asian
433,n000010,East Asian
434,n000010,East Asian
435,n000010,East Asian
436,n000010,East Asian
437,n000010,East Asian
438,n000010,East Asian
439,n000010,East Asian
440,n000010,East Asian
441,n000010,East Asian
442,n000010,East Asian
443,n000010,East Asian
444,n000010,East Asian
445,n000010,East Asian
446,n000010,East Asian
447,n000010,East Asian
448,n000010,East Asian
449,n000010,East Asian
450,n000011,East Asian
451,n000011,East Asian
452,n000011,East Asian
453,n000011,East Asian
454,n000011,East Asian
455,n000011,East Asian
456,n000011,East Asian
457,n000011,East Asian
458,n000011,East Asian
459,n000011,East Asian
460,n000011,East Asian
461,n000011,East Asian
462,n000011,East Asian
463,n000011,East Asian
464,n000011,East Asian
465,n000011,East Asian
466,n000011,East Asian
467,n000011,East Asian
468,n000011,East Asian
469,n000011,East Asian
470,n000011,East Asian
471,n000011,East Asian
472,n000011,East Asian
473,n000011,East Asian
474,n000011,East Asian
475,n000011,East Asian
476,n000011,East Asian
477,n000011,East Asian
478,n000011,East Asian
479,n000011,East Asian
480,n000011,East Asian
481,n000011,East Asian
482,n000011,East Asian
483,n000011,East Asian
484,n000011,East Asian
485,n000011,East Asian
486,n000011,East Asian
487,n000011,East Asian
488,n000011,East Asian
489,n000011,East Asian
490,n000011,East Asian
491,n000011,East Asian
492,n000011,East Asian
493,n000011,East Asian
494,n000011,East Asian
495,n000011,East Asian
496,n000011,East Asian
497,n000011,East Asian
498,n000011,East Asian
499,n000011,East Asian
500,n000039,Asian Indian
501,n000039,Asian Indian
502,n000039,Asian Indian
503,n000039,Asian Indian
504,n000039,Asian Indian
505,n000039,Asian Indian
506,n000039,Asian Indian
507,n000039,Asian Indian
508,n000039,Asian Indian
509,n000039,Asian Indian
510,n000039,Asian Indian
511,n000039,Asian Indian
512,n000039,Asian Indian
513,n000039,Asian Indian
514,n000039,Asian Indian
515,n000039,Asian Indian
516,n000039,Asian Indian
517,n000039,Asian Indian
518,n000039,Asian Indian
519,n000039,Asian Indian
520,n000039,Asian Indian
521,n000039,Asian Indian
522,n000039,Asian Indian
523,n000039,Asian Indian
524,n000039,Asian Indian
525,n000039,Asian Indian
526,n000039,Asian Indian
527,n000039,Asian Indian
528,n000039,Asian Indian
529,n000039,Asian Indian
530,n000039,Asian Indian
531,n000039,Asian Indian
532,n000039,Asian Indian
533,n000039,Asian Indian
534,n000039,Asian Indian
535,n000039,Asian Indian
536,n000039,Asian Indian
537,n000039,Asian Indian
538,n000039,Asian Indian
539,n000039,Asian Indian
540,n000039,Asian Indian
541,n000039,Asian Indian
542,n000039,Asian Indian
543,n000039,Asian Indian
544,n000039,Asian Indian
545,n000039,Asian Indian
546,n000039,Asian Indian
547,n000039,Asian Indian
548,n000039,Asian Indian
549,n000039,Asian Indian
550,n000115,Asian Indian
551,n000115,Asian Indian
552,n000115,Asian Indian
553,n000115,Asian Indian
554,n000115,Asian Indian
555,n000115,Asian Indian
556,n000115,Asian Indian
557,n000115,Asian Indian
558,n000115,Asian Indian
559,n000115,Asian Indian
560,n000115,Asian Indian
561,n000115,Asian Indian
562,n000115,Asian Indian
563,n000115,Asian Indian
564,n000115,Asian Indian
565,n000115,Asian Indian
566,n000115,Asian Indian
567,n000115,Asian Indian
568,n000115,Asian Indian
569,n000115,Asian Indian
570,n000115,Asian Indian
571,n000115,Asian Indian
572,n000115,Asian Indian
573,n000115,Asian Indian
574,n000115,Asian Indian
575,n000115,Asian Indian
576,n000115,Asian Indian
577,n000115,Asian Indian
578,n000115,Asian Indian
579,n000115,Asian Indian
580,n000115,Asian Indian
581,n000115,Asian Indian
582,n000115,Asian Indian
583,n000115,Asian Indian
584,n000115,Asian Indian
585,n000115,Asian Indian
586,n000115,Asian Indian
587,n000115,Asian Indian
588,n000115,Asian Indian
589,n000115,Asian Indian
590,n000115,Asian Indian
591,n000115,Asian Indian
592,n000115,Asian Indian
593,n000115,Asian Indian
594,n000115,Asian Indian
595,n000115,Asian Indian
596,n000115,Asian Indian
597,n000115,Asian Indian
598,n000115,Asian Indian
599,n000115,Asian Indian
600,n000036,Asian Indian
601,n000036,Asian Indian
602,n000036,Asian Indian
603,n000036,Asian Indian
604,n000036,Asian Indian
605,n000036,Asian Indian
606,n000036,Asian Indian
607,n000036,Asian Indian
608,n000036,Asian Indian
609,n000036,Asian Indian
610,n000036,Asian Indian
611,n000036,Asian Indian
612,n000036,Asian Indian
613,n000036,Asian Indian
614,n000036,Asian Indian
615,n000036,Asian Indian
616,n000036,Asian Indian
617,n000036,Asian Indian
618,n000036,Asian Indian
619,n000036,Asian Indian
620,n000036,Asian Indian
621,n000036,Asian Indian
622,n000036,Asian Indian
623,n000036,Asian Indian
624,n000036,Asian Indian
625,n000036,Asian Indian
626,n000036,Asian Indian
627,n000036,Asian Indian
628,n000036,Asian Indian
629,n000036,Asian Indian
630,n000036,Asian Indian
631,n000036,Asian Indian
632,n000036,Asian Indian
633,n000036,Asian Indian
634,n000036,Asian Indian
635,n000036,Asian Indian
636,n000036,Asian Indian
637,n000036,Asian Indian
638,n000036,Asian Indian
639,n000036,Asian Indian
640,n000036,Asian Indian
641,n000036,Asian Indian
642,n000036,Asian Indian
643,n000036,Asian Indian
644,n000036,Asian Indian
645,n000036,Asian Indian
646,n000036,Asian Indian
647,n000036,Asian Indian
648,n000036,Asian Indian
649,n000036,Asian Indian
650,n000056,Asian Indian
651,n000056,Asian Indian
652,n000056,Asian Indian
653,n000056,Asian Indian
654,n000056,Asian Indian
655,n000056,Asian Indian
656,n000056,Asian Indian
657,n000056,Asian Indian
658,n000056,Asian Indian
659,n000056,Asian Indian
660,n000056,Asian Indian
661,n000056,Asian Indian
662,n000056,Asian Indian
663,n000056,Asian Indian
664,n000056,Asian Indian
665,n000056,Asian Indian
666,n000056,Asian Indian
667,n000056,Asian Indian
668,n000056,Asian Indian
669,n000056,Asian Indian
670,n000056,Asian Indian
671,n000056,Asian Indian
672,n000056,Asian Indian
673,n000056,Asian Indian
674,n000056,Asian Indian
675,n000056,Asian Indian
676,n000056,Asian Indian
677,n000056,Asian Indian
678,n000056,Asian Indian
679,n000056,Asian Indian
680,n000056,Asian Indian
681,n000056,Asian Indian
682,n000056,Asian Indian
683,n000056,Asian Indian
684,n000056,Asian Indian
685,n000056,Asian Indian
686,n000056,Asian Indian
687,n000056,Asian Indian
688,n000056,Asian Indian
689,n000056,Asian Indian
690,n000056,Asian Indian
691,n000056,Asian Indian
692,n000056,Asian Indian
693,n000056,Asian Indian
694,n000056,Asian Indian
695,n000056,Asian Indian
696,n000056,Asian Indian
697,n000056,Asian Indian
698,n000056,Asian Indian
699,n000056,Asian Indian
700,n000021,Caucasian Latin
701,n000021,Caucasian Latin
702,n000021,Caucasian Latin
703,n000021,Caucasian Latin
704,n000021,Caucasian Latin
705,n000021,Caucasian Latin
706,n000021,Caucasian Latin
707,n000021,Caucasian Latin
708,n000021,Caucasian Latin
709,n000021,Caucasian Latin
710,n000021,Caucasian Latin
711,n000021,Caucasian Latin
712,n000021,Caucasian Latin
713,n000021,Caucasian Latin
714,n000021,Caucasian Latin
715,n000021,Caucasian Latin
716,n000021,Caucasian Latin
717,n000021,Caucasian Latin
718,n000021,Caucasian Latin
719,n000021,Caucasian Latin
720,n000021,Caucasian Latin
721,n000021,Caucasian Latin
722,n000021,Caucasian Latin
723,n000021,Caucasian Latin
724,n000021,Caucasian Latin
725,n000021,Caucasian Latin
726,n000021,Caucasian Latin
727,n000021,Caucasian Latin
728,n000021,Caucasian Latin
729,n000021,Caucasian Latin
730,n000021,Caucasian Latin
731,n000021,Caucasian Latin
732,n000021,Caucasian Latin
733,n000021,Caucasian Latin
734,n000021,Caucasian Latin
735,n000021,Caucasian Latin
736,n000021,Caucasian Latin
737,n000021,Caucasian Latin
738,n000021,Caucasian Latin
739,n000021,Caucasian Latin
740,n000021,Caucasian Latin
741,n000021,Caucasian Latin
742,n000021,Caucasian Latin
743,n000021,Caucasian Latin
744,n000021,Caucasian Latin
745,n000021,Caucasian Latin
746,n000021,Caucasian Latin
747,n000021,Caucasian Latin
748,n000021,Caucasian Latin
749,n000021,Caucasian Latin
750,n000046,Caucasian Latin
751,n000046,Caucasian Latin
752,n000046,Caucasian Latin
753,n000046,Caucasian Latin
754,n000046,Caucasian Latin
755,n000046,Caucasian Latin
756,n000046,Caucasian Latin
757,n000046,Caucasian Latin
758,n000046,Caucasian Latin
759,n000046,Caucasian Latin
760,n000046,Caucasian Latin
761,n000046,Caucasian Latin
762,n000046,Caucasian Latin
763,n000046,Caucasian Latin
764,n000046,Caucasian Latin
765,n000046,Caucasian Latin
766,n000046,Caucasian Latin
767,n000046,Caucasian Latin
768,n000046,Caucasian Latin
769,n000046,Caucasian Latin
770,n000046,Caucasian Latin
771,n000046,Caucasian Latin
772,n000046,Caucasian Latin
773,n000046,Caucasian Latin
774,n000046,Caucasian Latin
775,n000046,Caucasian Latin
776,n000046,Caucasian Latin
777,n000046,Caucasian Latin
778,n000046,Caucasian Latin
779,n000046,Caucasian Latin
780,n000046,Caucasian Latin
781,n000046,Caucasian Latin
782,n000046,Caucasian Latin
783,n000046,Caucasian Latin
784,n000046,Caucasian Latin
785,n000046,Caucasian Latin
786,n000046,Caucasian Latin
787,n000046,Caucasian Latin
788,n000046,Caucasian Latin
789,n000046,Caucasian Latin
790,n000046,Caucasian Latin
791,n000046,Caucasian Latin
792,n000046,Caucasian Latin
793,n000046,Caucasian Latin
794,n000046,Caucasian Latin
795,n000046,Caucasian Latin
796,n000046,Caucasian Latin
797,n000046,Caucasian Latin
798,n000046,Caucasian Latin
799,n000046,Caucasian Latin
800,n000012,Caucasian Latin
801,n000012,Caucasian Latin
802,n000012,Caucasian Latin
803,n000012,Caucasian Latin
804,n000012,Caucasian Latin
805,n000012,Caucasian Latin
806,n000012,Caucasian Latin
807,n000012,Caucasian Latin
808,n000012,Caucasian Latin
809,n000012,Caucasian Latin
810,n000012,Caucasian Latin
811,n000012,Caucasian Latin
812,n000012,Caucasian Latin
813,n000012,Caucasian Latin
814,n000012,Caucasian Latin
815,n000012,Caucasian Latin
816,n000012,Caucasian Latin
817,n000012,Caucasian Latin
818,n000012,Caucasian Latin
819,n000012,Caucasian Latin
820,n000012,Caucasian Latin
821,n000012,Caucasian Latin
822,n000012,Caucasian Latin
823,n000012,Caucasian Latin
824,n000012,Caucasian Latin
825,n000012,Caucasian Latin
826,n000012,Caucasian Latin
827,n000012,Caucasian Latin
828,n000012,Caucasian Latin
829,n000012,Caucasian Latin
830,n000012,Caucasian Latin
831,n000012,Caucasian Latin
832,n000012,Caucasian Latin
833,n000012,Caucasian Latin
834,n000012,Caucasian Latin
835,n000012,Caucasian Latin
836,n000012,Caucasian Latin
837,n000012,Caucasian Latin
838,n000012,Caucasian Latin
839,n000012,Caucasian Latin
840,n000012,Caucasian Latin
841,n000012,Caucasian Latin
842,n000012,Caucasian Latin
843,n000012,Caucasian Latin
844,n000012,Caucasian Latin
845,n000012,Caucasian Latin
846,n000012,Caucasian Latin
847,n000012,Caucasian Latin
848,n000012,Caucasian Latin
849,n000012,Caucasian Latin
850,n000047,Caucasian Latin
851,n000047,Caucasian Latin
852,n000047,Caucasian Latin
853,n000047,Caucasian Latin
854,n000047,Caucasian Latin
855,n000047,Caucasian Latin
856,n000047,Caucasian Latin
857,n000047,Caucasian Latin
858,n000047,Caucasian Latin
859,n000047,Caucasian Latin
860,n000047,Caucasian Latin
861,n000047,Caucasian Latin
862,n000047,Caucasian Latin
863,n000047,Caucasian Latin
864,n000047,Caucasian Latin
865,n000047,Caucasian Latin
866,n000047,Caucasian Latin
867,n000047,Caucasian Latin
868,n000047,Caucasian Latin
869,n000047,Caucasian Latin
870,n000047,Caucasian Latin
871,n000047,Caucasian Latin
872,n000047,Caucasian Latin
873,n000047,Caucasian Latin
874,n000047,Caucasian Latin
875,n000047,Caucasian Latin
876,n000047,Caucasian Latin
877,n000047,Caucasian Latin
878,n000047,Caucasian Latin
879,n000047,Caucasian Latin
880,n000047,Caucasian Latin
881,n000047,Caucasian Latin
882,n000047,Caucasian Latin
883,n000047,Caucasian Latin
884,n000047,Caucasian Latin
885,n000047,Caucasian Latin
886,n000047,Caucasian Latin
887,n000047,Caucasian Latin
888,n000047,Caucasian Latin
889,n000047,Caucasian Latin
890,n000047,Caucasian Latin
891,n000047,Caucasian Latin
892,n000047,Caucasian Latin
893,n000047,Caucasian Latin
894,n000047,Caucasian Latin
895,n000047,Caucasian Latin
896,n000047,Caucasian Latin
897,n000047,Caucasian Latin
898,n000047,Caucasian Latin
899,n000047,Caucasian Latin
900,n000055,Caucasian Latin
901,n000055,Caucasian Latin
902,n000055,Caucasian Latin
903,n000055,Caucasian Latin
904,n000055,Caucasian Latin
905,n000055,Caucasian Latin
906,n000055,Caucasian Latin
907,n000055,Caucasian Latin
908,n000055,Caucasian Latin
909,n000055,Caucasian Latin
910,n000055,Caucasian Latin
911,n000055,Caucasian Latin
912,n000055,Caucasian Latin
913,n000055,Caucasian Latin
914,n000055,Caucasian Latin
915,n000055,Caucasian Latin
916,n000055,Caucasian Latin
917,n000055,Caucasian Latin
918,n000055,Caucasian Latin
919,n000055,Caucasian Latin
920,n000055,Caucasian Latin
921,n000055,Caucasian Latin
922,n000055,Caucasian Latin
923,n000055,Caucasian Latin
924,n000055,Caucasian Latin
925,n000055,Caucasian Latin
926,n000055,Caucasian Latin
927,n000055,Caucasian Latin
928,n000055,Caucasian Latin
929,n000055,Caucasian Latin
930,n000055,Caucasian Latin
931,n000055,Caucasian Latin
932,n000055,Caucasian Latin
933,n000055,Caucasian Latin
934,n000055,Caucasian Latin
935,n000055,Caucasian Latin
936,n000055,Caucasian Latin
937,n000055,Caucasian Latin
938,n000055,Caucasian Latin
939,n000055,Caucasian Latin
940,n000055,Caucasian Latin
941,n000055,Caucasian Latin
942,n000055,Caucasian Latin
943,n000055,Caucasian Latin
944,n000055,Caucasian Latin
945,n000055,Caucasian Latin
946,n000055,Caucasian Latin
947,n000055,Caucasian Latin
948,n000055,Caucasian Latin
949,n000055,Caucasian Latin
950,n000017,Caucasian Latin
951,n000017,Caucasian Latin
952,n000017,Caucasian Latin
953,n000017,Caucasian Latin
954,n000017,Caucasian Latin
955,n000017,Caucasian Latin
956,n000017,Caucasian Latin
957,n000017,Caucasian Latin
958,n000017,Caucasian Latin
959,n000017,Caucasian Latin
960,n000017,Caucasian Latin
961,n000017,Caucasian Latin
962,n000017,Caucasian Latin
963,n000017,Caucasian Latin
964,n000017,Caucasian Latin
965,n000017,Caucasian Latin
966,n000017,Caucasian Latin
967,n000017,Caucasian Latin
968,n000017,Caucasian Latin
969,n000017,Caucasian Latin
970,n000017,Caucasian Latin
971,n000017,Caucasian Latin
972,n000017,Caucasian Latin
973,n000017,Caucasian Latin
974,n000017,Caucasian Latin
975,n000017,Caucasian Latin
976,n000017,Caucasian Latin
977,n000017,Caucasian Latin
978,n000017,Caucasian Latin
979,n000017,Caucasian Latin
980,n000017,Caucasian Latin
981,n000017,Caucasian Latin
982,n000017,Caucasian Latin
983,n000017,Caucasian Latin
984,n000017,Caucasian Latin
985,n000017,Caucasian Latin
986,n000017,Caucasian Latin
987,n000017,Caucasian Latin
988,n000017,Caucasian Latin
989,n000017,Caucasian Latin
990,n000017,Caucasian Latin
991,n000017,Caucasian Latin
992,n000017,Caucasian Latin
993,n000017,Caucasian Latin
994,n000017,Caucasian Latin
995,n000017,Caucasian Latin
996,n000017,Caucasian Latin
997,n000017,Caucasian Latin
998,n000017,Caucasian Latin
999,n000017,Caucasian Latin
1000,n000003,Caucasian Latin
1001,n000003,Caucasian Latin
1002,n000003,Caucasian Latin
1003,n000003,Caucasian Latin
1004,n000003,Caucasian Latin
1005,n000003,Caucasian Latin
1006,n000003,Caucasian Latin
1007,n000003,Caucasian Latin
1008,n000003,Caucasian Latin
1009,n000003,Caucasian Latin
1010,n000003,Caucasian Latin
1011,n000003,Caucasian Latin
1012,n000003,Caucasian Latin
1013,n000003,Caucasian Latin
1014,n000003,Caucasian Latin
1015,n000003,Caucasian Latin
1016,n000003,Caucasian Latin
1017,n000003,Caucasian Latin
1018,n000003,Caucasian Latin
1019,n000003,Caucasian Latin
1020,n000003,Caucasian Latin
1021,n000003,Caucasian Latin
1022,n000003,Caucasian Latin
1023,n000003,Caucasian Latin
1024,n000003,Caucasian Latin
1025,n000003,Caucasian Latin
1026,n000003,Caucasian Latin
1027,n000003,Caucasian Latin
1028,n000003,Caucasian Latin
1029,n000003,Caucasian Latin
1030,n000003,Caucasian Latin
1031,n000003,Caucasian Latin
1032,n000003,Caucasian Latin
1033,n000003,Caucasian Latin
1034,n000003,Caucasian Latin
1035,n000003,Caucasian Latin
1036,n000003,Caucasian Latin
1037,n000003,Caucasian Latin
1038,n000003,Caucasian Latin
1039,n000003,Caucasian Latin
1040,n000003,Caucasian Latin
1041,n000003,Caucasian Latin
1042,n000003,Caucasian Latin
1043,n000003,Caucasian Latin
1044,n000003,Caucasian Latin
1045,n000003,Caucasian Latin
1046,n000003,Caucasian Latin
1047,n000003,Caucasian Latin
1048,n000003,Caucasian Latin
1049,n000003,Caucasian Latin
1050,n000018,Caucasian Latin
1051,n000018,Caucasian Latin
1052,n000018,Caucasian Latin
1053,n000018,Caucasian Latin
1054,n000018,Caucasian Latin
1055,n000018,Caucasian Latin
1056,n000018,Caucasian Latin
1057,n000018,Caucasian Latin
1058,n000018,Caucasian Latin
1059,n000018,Caucasian Latin
1060,n000018,Caucasian Latin
1061,n000018,Caucasian Latin
1062,n000018,Caucasian Latin
1063,n000018,Caucasian Latin
1064,n000018,Caucasian Latin
1065,n000018,Caucasian Latin
1066,n000018,Caucasian Latin
1067,n000018,Caucasian Latin
1068,n000018,Caucasian Latin
1069,n000018,Caucasian Latin
1070,n000018,Caucasian Latin
1071,n000018,Caucasian Latin
1072,n000018,Caucasian Latin
1073,n000018,Caucasian Latin
1074,n000018,Caucasian Latin
1075,n000018,Caucasian Latin
1076,n000018,Caucasian Latin
1077,n000018,Caucasian Latin
1078,n000018,Caucasian Latin
1079,n000018,Caucasian Latin
1080,n000018,Caucasian Latin
1081,n000018,Caucasian Latin
1082,n000018,Caucasian Latin
1083,n000018,Caucasian Latin
1084,n000018,Caucasian Latin
1085,n000018,Caucasian Latin
1086,n000018,Caucasian Latin
1087,n000018,Caucasian Latin
1088,n000018,Caucasian Latin
1089,n000018,Caucasian Latin
1090,n000018,Caucasian Latin
1091,n000018,Caucasian Latin
1092,n000018,Caucasian Latin
1093,n000018,Caucasian Latin
1094,n000018,Caucasian Latin
1095,n000018,Caucasian Latin
1096,n000018,Caucasian Latin
1097,n000018,Caucasian Latin
1098,n000018,Caucasian Latin
1099,n000018,Caucasian Latin
1100,n000062,Caucasian Latin
1101,n000062,Caucasian Latin
1102,n000062,Caucasian Latin
1103,n000062,Caucasian Latin
1104,n000062,Caucasian Latin
1105,n000062,Caucasian Latin
1106,n000062,Caucasian Latin
1107,n000062,Caucasian Latin
1108,n000062,Caucasian Latin
1109,n000062,Caucasian Latin
1110,n000062,Caucasian Latin
1111,n000062,Caucasian Latin
1112,n000062,Caucasian Latin
1113,n000062,Caucasian Latin
1114,n000062,Caucasian Latin
1115,n000062,Caucasian Latin
1116,n000062,Caucasian Latin
1117,n000062,Caucasian Latin
1118,n000062,Caucasian Latin
1119,n000062,Caucasian Latin
1120,n000062,Caucasian Latin
1121,n000062,Caucasian Latin
1122,n000062,Caucasian Latin
1123,n000062,Caucasian Latin
1124,n000062,Caucasian Latin
1125,n000062,Caucasian Latin
1126,n000062,Caucasian Latin
1127,n000062,Caucasian Latin
1128,n000062,Caucasian Latin
1129,n000062,Caucasian Latin
1130,n000062,Caucasian Latin
1131,n000062,Caucasian Latin
1132,n000062,Caucasian Latin
1133,n000062,Caucasian Latin
1134,n000062,Caucasian Latin
1135,n000062,Caucasian Latin
1136,n000062,Caucasian Latin
1137,n000062,Caucasian Latin
1138,n000062,Caucasian Latin
1139,n000062,Caucasian Latin
1140,n000062,Caucasian Latin
1141,n000062,Caucasian Latin
1142,n000062,Caucasian Latin
1143,n000062,Caucasian Latin
1144,n000062,Caucasian Latin
1145,n000062,Caucasian Latin
1146,n000062,Caucasian Latin
1147,n000062,Caucasian Latin
1148,n000062,Caucasian Latin
1149,n000062,Caucasian Latin
1150,n000008,Caucasian Latin
1151,n000008,Caucasian Latin
1152,n000008,Caucasian Latin
1153,n000008,Caucasian Latin
1154,n000008,Caucasian Latin
1155,n000008,Caucasian Latin
1156,n000008,Caucasian Latin
1157,n000008,Caucasian Latin
1158,n000008,Caucasian Latin
1159,n000008,Caucasian Latin
1160,n000008,Caucasian Latin
1161,n000008,Caucasian Latin
1162,n000008,Caucasian Latin
1163,n000008,Caucasian Latin
1164,n000008,Caucasian Latin
1165,n000008,Caucasian Latin
1166,n000008,Caucasian Latin
1167,n000008,Caucasian Latin
1168,n000008,Caucasian Latin
1169,n000008,Caucasian Latin
1170,n000008,Caucasian Latin
1171,n000008,Caucasian Latin
1172,n000008,Caucasian Latin
1173,n000008,Caucasian Latin
1174,n000008,Caucasian Latin
1175,n000008,Caucasian Latin
1176,n000008,Caucasian Latin
1177,n000008,Caucasian Latin
1178,n000008,Caucasian Latin
1179,n000008,Caucasian Latin
1180,n000008,Caucasian Latin
1181,n000008,Caucasian Latin
1182,n000008,Caucasian Latin
1183,n000008,Caucasian Latin
1184,n000008,Caucasian Latin
1185,n000008,Caucasian Latin
1186,n000008,Caucasian Latin
1187,n000008,Caucasian Latin
1188,n000008,Caucasian Latin
1189,n000008,Caucasian Latin
1190,n000008,Caucasian Latin
1191,n000008,Caucasian Latin
1192,n000008,Caucasian Latin
1193,n000008,Caucasian Latin
1194,n000008,Caucasian Latin
1195,n000008,Caucasian Latin
1196,n000008,Caucasian Latin
1197,n000008,Caucasian Latin
1198,n000008,Caucasian Latin
1199,n000008,Caucasian Latin
1200,n000042,Caucasian Latin
1201,n000042,Caucasian Latin
1202,n000042,Caucasian Latin
1203,n000042,Caucasian Latin
1204,n000042,Caucasian Latin
1205,n000042,Caucasian Latin
1206,n000042,Caucasian Latin
1207,n000042,Caucasian Latin
1208,n000042,Caucasian Latin
1209,n000042,Caucasian Latin
1210,n000042,Caucasian Latin
1211,n000042,Caucasian Latin
1212,n000042,Caucasian Latin
1213,n000042,Caucasian Latin
1214,n000042,Caucasian Latin
1215,n000042,Caucasian Latin
1216,n000042,Caucasian Latin
1217,n000042,Caucasian Latin
1218,n000042,Caucasian Latin
1219,n000042,Caucasian Latin
1220,n000042,Caucasian Latin
1221,n000042,Caucasian Latin
1222,n000042,Caucasian Latin
1223,n000042,Caucasian Latin
1224,n000042,Caucasian Latin
1225,n000042,Caucasian Latin
1226,n000042,Caucasian Latin
1227,n000042,Caucasian Latin
1228,n000042,Caucasian Latin
1229,n000042,Caucasian Latin
1230,n000042,Caucasian Latin
1231,n000042,Caucasian Latin
1232,n000042,Caucasian Latin
1233,n000042,Caucasian Latin
1234,n000042,Caucasian Latin
1235,n000042,Caucasian Latin
1236,n000042,Caucasian Latin
1237,n000042,Caucasian Latin
1238,n000042,Caucasian Latin
1239,n000042,Caucasian Latin
1240,n000042,Caucasian Latin
1241,n000042,Caucasian Latin
1242,n000042,Caucasian Latin
1243,n000042,Caucasian Latin
1244,n000042,Caucasian Latin
1245,n000042,Caucasian Latin
1246,n000042,Caucasian Latin
1247,n000042,Caucasian Latin
1248,n000042,Caucasian Latin
1249,n000042,Caucasian Latin
1250,n000038,Caucasian Latin
1251,n000038,Caucasian Latin
1252,n000038,Caucasian Latin
1253,n000038,Caucasian Latin
1254,n000038,Caucasian Latin
1255,n000038,Caucasian Latin
1256,n000038,Caucasian Latin
1257,n000038,Caucasian Latin
1258,n000038,Caucasian Latin
1259,n000038,Caucasian Latin
1260,n000038,Caucasian Latin
1261,n000038,Caucasian Latin
1262,n000038,Caucasian Latin
1263,n000038,Caucasian Latin
1264,n000038,Caucasian Latin
1265,n000038,Caucasian Latin
1266,n000038,Caucasian Latin
1267,n000038,Caucasian Latin
1268,n000038,Caucasian Latin
1269,n000038,Caucasian Latin
1270,n000038,Caucasian Latin
1271,n000038,Caucasian Latin
1272,n000038,Caucasian Latin
1273,n000038,Caucasian Latin
1274,n000038,Caucasian Latin
1275,n000038,Caucasian Latin
1276,n000038,Caucasian Latin
1277,n000038,Caucasian Latin
1278,n000038,Caucasian Latin
1279,n000038,Caucasian Latin
1280,n000038,Caucasian Latin
1281,n000038,Caucasian Latin
1282,n000038,Caucasian Latin
1283,n000038,Caucasian Latin
1284,n000038,Caucasian Latin
1285,n000038,Caucasian Latin
1286,n000038,Caucasian Latin
1287,n000038,Caucasian Latin
1288,n000038,Caucasian Latin
1289,n000038,Caucasian Latin
1290,n000038,Caucasian Latin
1291,n000038,Caucasian Latin
1292,n000038,Caucasian Latin
1293,n000038,Caucasian Latin
1294,n000038,Caucasian Latin
1295,n000038,Caucasian Latin
1296,n000038,Caucasian Latin
1297,n000038,Caucasian Latin
1298,n000038,Caucasian Latin
1299,n000038,Caucasian Latin
1300,n000063,Caucasian Latin
1301,n000063,Caucasian Latin
1302,n000063,Caucasian Latin
1303,n000063,Caucasian Latin
1304,n000063,Caucasian Latin
1305,n000063,Caucasian Latin
1306,n000063,Caucasian Latin
1307,n000063,Caucasian Latin
1308,n000063,Caucasian Latin
1309,n000063,Caucasian Latin
1310,n000063,Caucasian Latin
1311,n000063,Caucasian Latin
1312,n000063,Caucasian Latin
1313,n000063,Caucasian Latin
1314,n000063,Caucasian Latin
1315,n000063,Caucasian Latin
1316,n000063,Caucasian Latin
1317,n000063,Caucasian Latin
1318,n000063,Caucasian Latin
1319,n000063,Caucasian Latin
1320,n000063,Caucasian Latin
1321,n000063,Caucasian Latin
1322,n000063,Caucasian Latin
1323,n000063,Caucasian Latin
1324,n000063,Caucasian Latin
1325,n000063,Caucasian Latin
1326,n000063,Caucasian Latin
1327,n000063,Caucasian Latin
1328,n000063,Caucasian Latin
1329,n000063,Caucasian Latin
1330,n000063,Caucasian Latin
1331,n000063,Caucasian Latin
1332,n000063,Caucasian Latin
1333,n000063,Caucasian Latin
1334,n000063,Caucasian Latin
1335,n000063,Caucasian Latin
1336,n000063,Caucasian Latin
1337,n000063,Caucasian Latin
1338,n000063,Caucasian Latin
1339,n000063,Caucasian Latin
1340,n000063,Caucasian Latin
1341,n000063,Caucasian Latin
1342,n000063,Caucasian Latin
1343,n000063,Caucasian Latin
1344,n000063,Caucasian Latin
1345,n000063,Caucasian Latin
1346,n000063,Caucasian Latin
1347,n000063,Caucasian Latin
1348,n000063,Caucasian Latin
1349,n000063,Caucasian Latin
1350,n000057,Caucasian Latin
1351,n000057,Caucasian Latin
1352,n000057,Caucasian Latin
1353,n000057,Caucasian Latin
1354,n000057,Caucasian Latin
1355,n000057,Caucasian Latin
1356,n000057,Caucasian Latin
1357,n000057,Caucasian Latin
1358,n000057,Caucasian Latin
1359,n000057,Caucasian Latin
1360,n000057,Caucasian Latin
1361,n000057,Caucasian Latin
1362,n000057,Caucasian Latin
1363,n000057,Caucasian Latin
1364,n000057,Caucasian Latin
1365,n000057,Caucasian Latin
1366,n000057,Caucasian Latin
1367,n000057,Caucasian Latin
1368,n000057,Caucasian Latin
1369,n000057,Caucasian Latin
1370,n000057,Caucasian Latin
1371,n000057,Caucasian Latin
1372,n000057,Caucasian Latin
1373,n000057,Caucasian Latin
1374,n000057,Caucasian Latin
1375,n000057,Caucasian Latin
1376,n000057,Caucasian Latin
1377,n000057,Caucasian Latin
1378,n000057,Caucasian Latin
1379,n000057,Caucasian Latin
1380,n000057,Caucasian Latin
1381,n000057,Caucasian Latin
1382,n000057,Caucasian Latin
1383,n000057,Caucasian Latin
1384,n000057,Caucasian Latin
1385,n000057,Caucasian Latin
1386,n000057,Caucasian Latin
1387,n000057,Caucasian Latin
1388,n000057,Caucasian Latin
1389,n000057,Caucasian Latin
1390,n000057,Caucasian Latin
1391,n000057,Caucasian Latin
1392,n000057,Caucasian Latin
1393,n000057,Caucasian Latin
1394,n000057,Caucasian Latin
1395,n000057,Caucasian Latin
1396,n000057,Caucasian Latin
1397,n000057,Caucasian Latin
1398,n000057,Caucasian Latin
1399,n000057,Caucasian Latin
1400,n000065,Caucasian Latin
1401,n000065,Caucasian Latin
1402,n000065,Caucasian Latin
1403,n000065,Caucasian Latin
1404,n000065,Caucasian Latin
1405,n000065,Caucasian Latin
1406,n000065,Caucasian Latin
1407,n000065,Caucasian Latin
1408,n000065,Caucasian Latin
1409,n000065,Caucasian Latin
1410,n000065,Caucasian Latin
1411,n000065,Caucasian Latin
1412,n000065,Caucasian Latin
1413,n000065,Caucasian Latin
1414,n000065,Caucasian Latin
1415,n000065,Caucasian Latin
1416,n000065,Caucasian Latin
1417,n000065,Caucasian Latin
1418,n000065,Caucasian Latin
1419,n000065,Caucasian Latin
1420,n000065,Caucasian Latin
1421,n000065,Caucasian Latin
1422,n000065,Caucasian Latin
1423,n000065,Caucasian Latin
1424,n000065,Caucasian Latin
1425,n000065,Caucasian Latin
1426,n000065,Caucasian Latin
1427,n000065,Caucasian Latin
1428,n000065,Caucasian Latin
1429,n000065,Caucasian Latin
1430,n000065,Caucasian Latin
1431,n000065,Caucasian Latin
1432,n000065,Caucasian Latin
1433,n000065,Caucasian Latin
1434,n000065,Caucasian Latin
1435,n000065,Caucasian Latin
1436,n000065,Caucasian Latin
1437,n000065,Caucasian Latin
1438,n000065,Caucasian Latin
1439,n000065,Caucasian Latin
1440,n000065,Caucasian Latin
1441,n000065,Caucasian Latin
1442,n000065,Caucasian Latin
1443,n000065,Caucasian Latin
1444,n000065,Caucasian Latin
1445,n000065,Caucasian Latin
1446,n000065,Caucasian Latin
1447,n000065,Caucasian Latin
1448,n000065,Caucasian Latin
1449,n000065,Caucasian Latin
1450,n000059,Caucasian Latin
1451,n000059,Caucasian Latin
1452,n000059,Caucasian Latin
1453,n000059,Caucasian Latin
1454,n000059,Caucasian Latin
1455,n000059,Caucasian Latin
1456,n000059,Caucasian Latin
1457,n000059,Caucasian Latin
1458,n000059,Caucasian Latin
1459,n000059,Caucasian Latin
1460,n000059,Caucasian Latin
1461,n000059,Caucasian Latin
1462,n000059,Caucasian Latin
1463,n000059,Caucasian Latin
1464,n000059,Caucasian Latin
1465,n000059,Caucasian Latin
1466,n000059,Caucasian Latin
1467,n000059,Caucasian Latin
1468,n000059,Caucasian Latin
1469,n000059,Caucasian Latin
1470,n000059,Caucasian Latin
1471,n000059,Caucasian Latin
1472,n000059,Caucasian Latin
1473,n000059,Caucasian Latin
1474,n000059,Caucasian Latin
1475,n000059,Caucasian Latin
1476,n000059,Caucasian Latin
1477,n000059,Caucasian Latin
1478,n000059,Caucasian Latin
1479,n000059,Caucasian Latin
1480,n000059,Caucasian Latin
1481,n000059,Caucasian Latin
1482,n000059,Caucasian Latin
1483,n000059,Caucasian Latin
1484,n000059,Caucasian Latin
1485,n000059,Caucasian Latin
1486,n000059,Caucasian Latin
1487,n000059,Caucasian Latin
1488,n000059,Caucasian Latin
1489,n000059,Caucasian Latin
1490,n000059,Caucasian Latin
1491,n000059,Caucasian Latin
1492,n000059,Caucasian Latin
1493,n000059,Caucasian Latin
1494,n000059,Caucasian Latin
1495,n000059,Caucasian Latin
1496,n000059,Caucasian Latin
1497,n000059,Caucasian Latin
1498,n000059,Caucasian Latin
1499,n000059,Caucasian Latin
1500,n000064,Caucasian Latin
1501,n000064,Caucasian Latin
1502,n000064,Caucasian Latin
1503,n000064,Caucasian Latin
1504,n000064,Caucasian Latin
1505,n000064,Caucasian Latin
1506,n000064,Caucasian Latin
1507,n000064,Caucasian Latin
1508,n000064,Caucasian Latin
1509,n000064,Caucasian Latin
1510,n000064,Caucasian Latin
1511,n000064,Caucasian Latin
1512,n000064,Caucasian Latin
1513,n000064,Caucasian Latin
1514,n000064,Caucasian Latin
1515,n000064,Caucasian Latin
1516,n000064,Caucasian Latin
1517,n000064,Caucasian Latin
1518,n000064,Caucasian Latin
1519,n000064,Caucasian Latin
1520,n000064,Caucasian Latin
1521,n000064,Caucasian Latin
1522,n000064,Caucasian Latin
1523,n000064,Caucasian Latin
1524,n000064,Caucasian Latin
1525,n000064,Caucasian Latin
1526,n000064,Caucasian Latin
1527,n000064,Caucasian Latin
1528,n000064,Caucasian Latin
1529,n000064,Caucasian Latin
1530,n000064,Caucasian Latin
1531,n000064,Caucasian Latin
1532,n000064,Caucasian Latin
1533,n000064,Caucasian Latin
1534,n000064,Caucasian Latin
1535,n000064,Caucasian Latin
1536,n000064,Caucasian Latin
1537,n000064,Caucasian Latin
1538,n000064,Caucasian Latin
1539,n000064,Caucasian Latin
1540,n000064,Caucasian Latin
1541,n000064,Caucasian Latin
1542,n000064,Caucasian Latin
1543,n000064,Caucasian Latin
1544,n000064,Caucasian Latin
1545,n000064,Caucasian Latin
1546,n000064,Caucasian Latin
1547,n000064,Caucasian Latin
1548,n000064,Caucasian Latin
1549,n000064,Caucasian Latin
1550,n000037,Caucasian Latin
1551,n000037,Caucasian Latin
1552,n000037,Caucasian Latin
1553,n000037,Caucasian Latin
1554,n000037,Caucasian Latin
1555,n000037,Caucasian Latin
1556,n000037,Caucasian Latin
1557,n000037,Caucasian Latin
1558,n000037,Caucasian Latin
1559,n000037,Caucasian Latin
1560,n000037,Caucasian Latin
1561,n000037,Caucasian Latin
1562,n000037,Caucasian Latin
1563,n000037,Caucasian Latin
1564,n000037,Caucasian Latin
1565,n000037,Caucasian Latin
1566,n000037,Caucasian Latin
1567,n000037,Caucasian Latin
1568,n000037,Caucasian Latin
1569,n000037,Caucasian Latin
1570,n000037,Caucasian Latin
1571,n000037,Caucasian Latin
1572,n000037,Caucasian Latin
1573,n000037,Caucasian Latin
1574,n000037,Caucasian Latin
1575,n000037,Caucasian Latin
1576,n000037,Caucasian Latin
1577,n000037,Caucasian Latin
1578,n000037,Caucasian Latin
1579,n000037,Caucasian Latin
1580,n000037,Caucasian Latin
1581,n000037,Caucasian Latin
1582,n000037,Caucasian Latin
1583,n000037,Caucasian Latin
1584,n000037,Caucasian Latin
1585,n000037,Caucasian Latin
1586,n000037,Caucasian Latin
1587,n000037,Caucasian Latin
1588,n000037,Caucasian Latin
1589,n000037,Caucasian Latin
1590,n000037,Caucasian Latin
1591,n000037,Caucasian Latin
1592,n000037,Caucasian Latin
1593,n000037,Caucasian Latin
1594,n000037,Caucasian Latin
1595,n000037,Caucasian Latin
1596,n000037,Caucasian Latin
1597,n000037,Caucasian Latin
1598,n000037,Caucasian Latin
1599,n000037,Caucasian Latin
1600,n000013,Caucasian Latin
1601,n000013,Caucasian Latin
1602,n000013,Caucasian Latin
1603,n000013,Caucasian Latin
1604,n000013,Caucasian Latin
1605,n000013,Caucasian Latin
1606,n000013,Caucasian Latin
1607,n000013,Caucasian Latin
1608,n000013,Caucasian Latin
1609,n000013,Caucasian Latin
1610,n000013,Caucasian Latin
1611,n000013,Caucasian Latin
1612,n000013,Caucasian Latin
1613,n000013,Caucasian Latin
1614,n000013,Caucasian Latin
1615,n000013,Caucasian Latin
1616,n000013,Caucasian Latin
1617,n000013,Caucasian Latin
1618,n000013,Caucasian Latin
1619,n000013,Caucasian Latin
1620,n000013,Caucasian Latin
1621,n000013,Caucasian Latin
1622,n000013,Caucasian Latin
1623,n000013,Caucasian Latin
1624,n000013,Caucasian Latin
1625,n000013,Caucasian Latin
1626,n000013,Caucasian Latin
1627,n000013,Caucasian Latin
1628,n000013,Caucasian Latin
1629,n000013,Caucasian Latin
1630,n000013,Caucasian Latin
1631,n000013,Caucasian Latin
1632,n000013,Caucasian Latin
1633,n000013,Caucasian Latin
1634,n000013,Caucasian Latin
1635,n000013,Caucasian Latin
1636,n000013,Caucasian Latin
1637,n000013,Caucasian Latin
1638,n000013,Caucasian Latin
1639,n000013,Caucasian Latin
1640,n000013,Caucasian Latin
1641,n000013,Caucasian Latin
1642,n000013,Caucasian Latin
1643,n000013,Caucasian Latin
1644,n000013,Caucasian Latin
1645,n000013,Caucasian Latin
1646,n000013,Caucasian Latin
1647,n000013,Caucasian Latin
1648,n000013,Caucasian Latin
1649,n000013,Caucasian Latin
1650,n000019,Caucasian Latin
1651,n000019,Caucasian Latin
1652,n000019,Caucasian Latin
1653,n000019,Caucasian Latin
1654,n000019,Caucasian Latin
1655,n000019,Caucasian Latin
1656,n000019,Caucasian Latin
1657,n000019,Caucasian Latin
1658,n000019,Caucasian Latin
1659,n000019,Caucasian Latin
1660,n000019,Caucasian Latin
1661,n000019,Caucasian Latin
1662,n000019,Caucasian Latin
1663,n000019,Caucasian Latin
1664,n000019,Caucasian Latin
1665,n000019,Caucasian Latin
1666,n000019,Caucasian Latin
1667,n000019,Caucasian Latin
1668,n000019,Caucasian Latin
1669,n000019,Caucasian Latin
1670,n000019,Caucasian Latin
1671,n000019,Caucasian Latin
1672,n000019,Caucasian Latin
1673,n000019,Caucasian Latin
1674,n000019,Caucasian Latin
1675,n000019,Caucasian Latin
1676,n000019,Caucasian Latin
1677,n000019,Caucasian Latin
1678,n000019,Caucasian Latin
1679,n000019,Caucasian Latin
1680,n000019,Caucasian Latin
1681,n000019,Caucasian Latin
1682,n000019,Caucasian Latin
1683,n000019,Caucasian Latin
1684,n000019,Caucasian Latin
1685,n000019,Caucasian Latin
1686,n000019,Caucasian Latin
1687,n000019,Caucasian Latin
1688,n000019,Caucasian Latin
1689,n000019,Caucasian Latin
1690,n000019,Caucasian Latin
1691,n000019,Caucasian Latin
1692,n000019,Caucasian Latin
1693,n000019,Caucasian Latin
1694,n000019,Caucasian Latin
1695,n000019,Caucasian Latin
1696,n000019,Caucasian Latin
1697,n000019,Caucasian Latin
1698,n000019,Caucasian Latin
1699,n000019,Caucasian Latin
1700,n000026,Caucasian Latin
1701,n000026,Caucasian Latin
1702,n000026,Caucasian Latin
1703,n000026,Caucasian Latin
1704,n000026,Caucasian Latin
1705,n000026,Caucasian Latin
1706,n000026,Caucasian Latin
1707,n000026,Caucasian Latin
1708,n000026,Caucasian Latin
1709,n000026,Caucasian Latin
1710,n000026,Caucasian Latin
1711,n000026,Caucasian Latin
1712,n000026,Caucasian Latin
1713,n000026,Caucasian Latin
1714,n000026,Caucasian Latin
1715,n000026,Caucasian Latin
1716,n000026,Caucasian Latin
1717,n000026,Caucasian Latin
1718,n000026,Caucasian Latin
1719,n000026,Caucasian Latin
1720,n000026,Caucasian Latin
1721,n000026,Caucasian Latin
1722,n000026,Caucasian Latin
1723,n000026,Caucasian Latin
1724,n000026,Caucasian Latin
1725,n000026,Caucasian Latin
1726,n000026,Caucasian Latin
1727,n000026,Caucasian Latin
1728,n000026,Caucasian Latin
1729,n000026,Caucasian Latin
1730,n000026,Caucasian Latin
1731,n000026,Caucasian Latin
1732,n000026,Caucasian Latin
1733,n000026,Caucasian Latin
1734,n000026,Caucasian Latin
1735,n000026,Caucasian Latin
1736,n000026,Caucasian Latin
1737,n000026,Caucasian Latin
1738,n000026,Caucasian Latin
1739,n000026,Caucasian Latin
1740,n000026,Caucasian Latin
1741,n000026,Caucasian Latin
1742,n000026,Caucasian Latin
1743,n000026,Caucasian Latin
1744,n000026,Caucasian Latin
1745,n000026,Caucasian Latin
1746,n000026,Caucasian Latin
1747,n000026,Caucasian Latin
1748,n000026,Caucasian Latin
1749,n000026,Caucasian Latin
1750,n000024,Caucasian Latin
1751,n000024,Caucasian Latin
1752,n000024,Caucasian Latin
1753,n000024,Caucasian Latin
1754,n000024,Caucasian Latin
1755,n000024,Caucasian Latin
1756,n000024,Caucasian Latin
1757,n000024,Caucasian Latin
1758,n000024,Caucasian Latin
1759,n000024,Caucasian Latin
1760,n000024,Caucasian Latin
1761,n000024,Caucasian Latin
1762,n000024,Caucasian Latin
1763,n000024,Caucasian Latin
1764,n000024,Caucasian Latin
1765,n000024,Caucasian Latin
1766,n000024,Caucasian Latin
1767,n000024,Caucasian Latin
1768,n000024,Caucasian Latin
1769,n000024,Caucasian Latin
1770,n000024,Caucasian Latin
1771,n000024,Caucasian Latin
1772,n000024,Caucasian Latin
1773,n000024,Caucasian Latin
1774,n000024,Caucasian Latin
1775,n000024,Caucasian Latin
1776,n000024,Caucasian Latin
1777,n000024,Caucasian Latin
1778,n000024,Caucasian Latin
1779,n000024,Caucasian Latin
1780,n000024,Caucasian Latin
1781,n000024,Caucasian Latin
1782,n000024,Caucasian Latin
1783,n000024,Caucasian Latin
1784,n000024,Caucasian Latin
1785,n000024,Caucasian Latin
1786,n000024,Caucasian Latin
1787,n000024,Caucasian Latin
1788,n000024,Caucasian Latin
1789,n000024,Caucasian Latin
1790,n000024,Caucasian Latin
1791,n000024,Caucasian Latin
1792,n000024,Caucasian Latin
1793,n000024,Caucasian Latin
1794,n000024,Caucasian Latin
1795,n000024,Caucasian Latin
1796,n000024,Caucasian Latin
1797,n000024,Caucasian Latin
1798,n000024,Caucasian Latin
1799,n000024,Caucasian Latin
1800,n000004,Caucasian Latin
1801,n000004,Caucasian Latin
1802,n000004,Caucasian Latin
1803,n000004,Caucasian Latin
1804,n000004,Caucasian Latin
1805,n000004,Caucasian Latin
1806,n000004,Caucasian Latin
1807,n000004,Caucasian Latin
1808,n000004,Caucasian Latin
1809,n000004,Caucasian Latin
1810,n000004,Caucasian Latin
1811,n000004,Caucasian Latin
1812,n000004,Caucasian Latin
1813,n000004,Caucasian Latin
1814,n000004,Caucasian Latin
1815,n000004,Caucasian Latin
1816,n000004,Caucasian Latin
1817,n000004,Caucasian Latin
1818,n000004,Caucasian Latin
1819,n000004,Caucasian Latin
1820,n000004,Caucasian Latin
1821,n000004,Caucasian Latin
1822,n000004,Caucasian Latin
1823,n000004,Caucasian Latin
1824,n000004,Caucasian Latin
1825,n000004,Caucasian Latin
1826,n000004,Caucasian Latin
1827,n000004,Caucasian Latin
1828,n000004,Caucasian Latin
1829,n000004,Caucasian Latin
1830,n000004,Caucasian Latin
1831,n000004,Caucasian Latin
1832,n000004,Caucasian Latin
1833,n000004,Caucasian Latin
1834,n000004,Caucasian Latin
1835,n000004,Caucasian Latin
1836,n000004,Caucasian Latin
1837,n000004,Caucasian Latin
1838,n000004,Caucasian Latin
1839,n000004,Caucasian Latin
1840,n000004,Caucasian Latin
1841,n000004,Caucasian Latin
1842,n000004,Caucasian Latin
1843,n000004,Caucasian Latin
1844,n000004,Caucasian Latin
1845,n000004,Caucasian Latin
1846,n000004,Caucasian Latin
1847,n000004,Caucasian Latin
1848,n000004,Caucasian Latin
1849,n000004,Caucasian Latin
1850,n000053,Caucasian Latin
1851,n000053,Caucasian Latin
1852,n000053,Caucasian Latin
1853,n000053,Caucasian Latin
1854,n000053,Caucasian Latin
1855,n000053,Caucasian Latin
1856,n000053,Caucasian Latin
1857,n000053,Caucasian Latin
1858,n000053,Caucasian Latin
1859,n000053,Caucasian Latin
1860,n000053,Caucasian Latin
1861,n000053,Caucasian Latin
1862,n000053,Caucasian Latin
1863,n000053,Caucasian Latin
1864,n000053,Caucasian Latin
1865,n000053,Caucasian Latin
1866,n000053,Caucasian Latin
1867,n000053,Caucasian Latin
1868,n000053,Caucasian Latin
1869,n000053,Caucasian Latin
1870,n000053,Caucasian Latin
1871,n000053,Caucasian Latin
1872,n000053,Caucasian Latin
1873,n000053,Caucasian Latin
1874,n000053,Caucasian Latin
1875,n000053,Caucasian Latin
1876,n000053,Caucasian Latin
1877,n000053,Caucasian Latin
1878,n000053,Caucasian Latin
1879,n000053,Caucasian Latin
1880,n000053,Caucasian Latin
1881,n000053,Caucasian Latin
1882,n000053,Caucasian Latin
1883,n000053,Caucasian Latin
1884,n000053,Caucasian Latin
1885,n000053,Caucasian Latin
1886,n000053,Caucasian Latin
1887,n000053,Caucasian Latin
1888,n000053,Caucasian Latin
1889,n000053,Caucasian Latin
1890,n000053,Caucasian Latin
1891,n000053,Caucasian Latin
1892,n000053,Caucasian Latin
1893,n000053,Caucasian Latin
1894,n000053,Caucasian Latin
1895,n000053,Caucasian Latin
1896,n000053,Caucasian Latin
1897,n000053,Caucasian Latin
1898,n000053,Caucasian Latin
1899,n000053,Caucasian Latin
1900,n000030,Caucasian Latin
1901,n000030,Caucasian Latin
1902,n000030,Caucasian Latin
1903,n000030,Caucasian Latin
1904,n000030,Caucasian Latin
1905,n000030,Caucasian Latin
1906,n000030,Caucasian Latin
1907,n000030,Caucasian Latin
1908,n000030,Caucasian Latin
1909,n000030,Caucasian Latin
1910,n000030,Caucasian Latin
1911,n000030,Caucasian Latin
1912,n000030,Caucasian Latin
1913,n000030,Caucasian Latin
1914,n000030,Caucasian Latin
1915,n000030,Caucasian Latin
1916,n000030,Caucasian Latin
1917,n000030,Caucasian Latin
1918,n000030,Caucasian Latin
1919,n000030,Caucasian Latin
1920,n000030,Caucasian Latin
1921,n000030,Caucasian Latin
1922,n000030,Caucasian Latin
1923,n000030,Caucasian Latin
1924,n000030,Caucasian Latin
1925,n000030,Caucasian Latin
1926,n000030,Caucasian Latin
1927,n000030,Caucasian Latin
1928,n000030,Caucasian Latin
1929,n000030,Caucasian Latin
1930,n000030,Caucasian Latin
1931,n000030,Caucasian Latin
1932,n000030,Caucasian Latin
1933,n000030,Caucasian Latin
1934,n000030,Caucasian Latin
1935,n000030,Caucasian Latin
1936,n000030,Caucasian Latin
1937,n000030,Caucasian Latin
1938,n000030,Caucasian Latin
1939,n000030,Caucasian Latin
1940,n000030,Caucasian Latin
1941,n000030,Caucasian Latin
1942,n000030,Caucasian Latin
1943,n000030,Caucasian Latin
1944,n000030,Caucasian Latin
1945,n000030,Caucasian Latin
1946,n000030,Caucasian Latin
1947,n000030,Caucasian Latin
1948,n000030,Caucasian Latin
1949,n000030,Caucasian Latin
1950,n000020,Caucasian Latin
1951,n000020,Caucasian Latin
1952,n000020,Caucasian Latin
1953,n000020,Caucasian Latin
1954,n000020,Caucasian Latin
1955,n000020,Caucasian Latin
1956,n000020,Caucasian Latin
1957,n000020,Caucasian Latin
1958,n000020,Caucasian Latin
1959,n000020,Caucasian Latin
1960,n000020,Caucasian Latin
1961,n000020,Caucasian Latin
1962,n000020,Caucasian Latin
1963,n000020,Caucasian Latin
1964,n000020,Caucasian Latin
1965,n000020,Caucasian Latin
1966,n000020,Caucasian Latin
1967,n000020,Caucasian Latin
1968,n000020,Caucasian Latin
1969,n000020,Caucasian Latin
1970,n000020,Caucasian Latin
1971,n000020,Caucasian Latin
1972,n000020,Caucasian Latin
1973,n000020,Caucasian Latin
1974,n000020,Caucasian Latin
1975,n000020,Caucasian Latin
1976,n000020,Caucasian Latin
1977,n000020,Caucasian Latin
1978,n000020,Caucasian Latin
1979,n000020,Caucasian Latin
1980,n000020,Caucasian Latin
1981,n000020,Caucasian Latin
1982,n000020,Caucasian Latin
1983,n000020,Caucasian Latin
1984,n000020,Caucasian Latin
1985,n000020,Caucasian Latin
1986,n000020,Caucasian Latin
1987,n000020,Caucasian Latin
1988,n000020,Caucasian Latin
1989,n000020,Caucasian Latin
1990,n000020,Caucasian Latin
1991,n000020,Caucasian Latin
1992,n000020,Caucasian Latin
1993,n000020,Caucasian Latin
1994,n000020,Caucasian Latin
1995,n000020,Caucasian Latin
1996,n000020,Caucasian Latin
1997,n000020,Caucasian Latin
1998,n000020,Caucasian Latin
1999,n000020,Caucasian Latin
2000,n000048,Caucasian Latin
2001,n000048,Caucasian Latin
2002,n000048,Caucasian Latin
2003,n000048,Caucasian Latin
2004,n000048,Caucasian Latin
2005,n000048,Caucasian Latin
2006,n000048,Caucasian Latin
2007,n000048,Caucasian Latin
2008,n000048,Caucasian Latin
2009,n000048,Caucasian Latin
2010,n000048,Caucasian Latin
2011,n000048,Caucasian Latin
2012,n000048,Caucasian Latin
2013,n000048,Caucasian Latin
2014,n000048,Caucasian Latin
2015,n000048,Caucasian Latin
2016,n000048,Caucasian Latin
2017,n000048,Caucasian Latin
2018,n000048,Caucasian Latin
2019,n000048,Caucasian Latin
2020,n000048,Caucasian Latin
2021,n000048,Caucasian Latin
2022,n000048,Caucasian Latin
2023,n000048,Caucasian Latin
2024,n000048,Caucasian Latin
2025,n000048,Caucasian Latin
2026,n000048,Caucasian Latin
2027,n000048,Caucasian Latin
2028,n000048,Caucasian Latin
2029,n000048,Caucasian Latin
2030,n000048,Caucasian Latin
2031,n000048,Caucasian Latin
2032,n000048,Caucasian Latin
2033,n000048,Caucasian Latin
2034,n000048,Caucasian Latin
2035,n000048,Caucasian Latin
2036,n000048,Caucasian Latin
2037,n000048,Caucasian Latin
2038,n000048,Caucasian Latin
2039,n000048,Caucasian Latin
2040,n000048,Caucasian Latin
2041,n000048,Caucasian Latin
2042,n000048,Caucasian Latin
2043,n000048,Caucasian Latin
2044,n000048,Caucasian Latin
2045,n000048,Caucasian Latin
2046,n000048,Caucasian Latin
2047,n000048,Caucasian Latin
2048,n000048,Caucasian Latin
2049,n000048,Caucasian Latin
2050,n000061,Caucasian Latin
2051,n000061,Caucasian Latin
2052,n000061,Caucasian Latin
2053,n000061,Caucasian Latin
2054,n000061,Caucasian Latin
2055,n000061,Caucasian Latin
2056,n000061,Caucasian Latin
2057,n000061,Caucasian Latin
2058,n000061,Caucasian Latin
2059,n000061,Caucasian Latin
2060,n000061,Caucasian Latin
2061,n000061,Caucasian Latin
2062,n000061,Caucasian Latin
2063,n000061,Caucasian Latin
2064,n000061,Caucasian Latin
2065,n000061,Caucasian Latin
2066,n000061,Caucasian Latin
2067,n000061,Caucasian Latin
2068,n000061,Caucasian Latin
2069,n000061,Caucasian Latin
2070,n000061,Caucasian Latin
2071,n000061,Caucasian Latin
2072,n000061,Caucasian Latin
2073,n000061,Caucasian Latin
2074,n000061,Caucasian Latin
2075,n000061,Caucasian Latin
2076,n000061,Caucasian Latin
2077,n000061,Caucasian Latin
2078,n000061,Caucasian Latin
2079,n000061,Caucasian Latin
2080,n000061,Caucasian Latin
2081,n000061,Caucasian Latin
2082,n000061,Caucasian Latin
2083,n000061,Caucasian Latin
2084,n000061,Caucasian Latin
2085,n000061,Caucasian Latin
2086,n000061,Caucasian Latin
2087,n000061,Caucasian Latin
2088,n000061,Caucasian Latin
2089,n000061,Caucasian Latin
2090,n000061,Caucasian Latin
2091,n000061,Caucasian Latin
2092,n000061,Caucasian Latin
2093,n000061,Caucasian Latin
2094,n000061,Caucasian Latin
2095,n000061,Caucasian Latin
2096,n000061,Caucasian Latin
2097,n000061,Caucasian Latin
2098,n000061,Caucasian Latin
2099,n000061,Caucasian Latin
2100,n000052,Caucasian Latin
2101,n000052,Caucasian Latin
2102,n000052,Caucasian Latin
2103,n000052,Caucasian Latin
2104,n000052,Caucasian Latin
2105,n000052,Caucasian Latin
2106,n000052,Caucasian Latin
2107,n000052,Caucasian Latin
2108,n000052,Caucasian Latin
2109,n000052,Caucasian Latin
2110,n000052,Caucasian Latin
2111,n000052,Caucasian Latin
2112,n000052,Caucasian Latin
2113,n000052,Caucasian Latin
2114,n000052,Caucasian Latin
2115,n000052,Caucasian Latin
2116,n000052,Caucasian Latin
2117,n000052,Caucasian Latin
2118,n000052,Caucasian Latin
2119,n000052,Caucasian Latin
2120,n000052,Caucasian Latin
2121,n000052,Caucasian Latin
2122,n000052,Caucasian Latin
2123,n000052,Caucasian Latin
2124,n000052,Caucasian Latin
2125,n000052,Caucasian Latin
2126,n000052,Caucasian Latin
2127,n000052,Caucasian Latin
2128,n000052,Caucasian Latin
2129,n000052,Caucasian Latin
2130,n000052,Caucasian Latin
2131,n000052,Caucasian Latin
2132,n000052,Caucasian Latin
2133,n000052,Caucasian Latin
2134,n000052,Caucasian Latin
2135,n000052,Caucasian Latin
2136,n000052,Caucasian Latin
2137,n000052,Caucasian Latin
2138,n000052,Caucasian Latin
2139,n000052,Caucasian Latin
2140,n000052,Caucasian Latin
2141,n000052,Caucasian Latin
2142,n000052,Caucasian Latin
2143,n000052,Caucasian Latin
2144,n000052,Caucasian Latin
2145,n000052,Caucasian Latin
2146,n000052,Caucasian Latin
2147,n000052,Caucasian Latin
2148,n000052,Caucasian Latin
2149,n000052,Caucasian Latin
2150,n000058,Caucasian Latin
2151,n000058,Caucasian Latin
2152,n000058,Caucasian Latin
2153,n000058,Caucasian Latin
2154,n000058,Caucasian Latin
2155,n000058,Caucasian Latin
2156,n000058,Caucasian Latin
2157,n000058,Caucasian Latin
2158,n000058,Caucasian Latin
2159,n000058,Caucasian Latin
2160,n000058,Caucasian Latin
2161,n000058,Caucasian Latin
2162,n000058,Caucasian Latin
2163,n000058,Caucasian Latin
2164,n000058,Caucasian Latin
2165,n000058,Caucasian Latin
2166,n000058,Caucasian Latin
2167,n000058,Caucasian Latin
2168,n000058,Caucasian Latin
2169,n000058,Caucasian Latin
2170,n000058,Caucasian Latin
2171,n000058,Caucasian Latin
2172,n000058,Caucasian Latin
2173,n000058,Caucasian Latin
2174,n000058,Caucasian Latin
2175,n000058,Caucasian Latin
2176,n000058,Caucasian Latin
2177,n000058,Caucasian Latin
2178,n000058,Caucasian Latin
2179,n000058,Caucasian Latin
2180,n000058,Caucasian Latin
2181,n000058,Caucasian Latin
2182,n000058,Caucasian Latin
2183,n000058,Caucasian Latin
2184,n000058,Caucasian Latin
2185,n000058,Caucasian Latin
2186,n000058,Caucasian Latin
2187,n000058,Caucasian Latin
2188,n000058,Caucasian Latin
2189,n000058,Caucasian Latin
2190,n000058,Caucasian Latin
2191,n000058,Caucasian Latin
2192,n000058,Caucasian Latin
2193,n000058,Caucasian Latin
2194,n000058,Caucasian Latin
2195,n000058,Caucasian Latin
2196,n000058,Caucasian Latin
2197,n000058,Caucasian Latin
2198,n000058,Caucasian Latin
2199,n000058,Caucasian Latin
2200,n000016,Caucasian Latin
2201,n000016,Caucasian Latin
2202,n000016,Caucasian Latin
2203,n000016,Caucasian Latin
2204,n000016,Caucasian Latin
2205,n000016,Caucasian Latin
2206,n000016,Caucasian Latin
2207,n000016,Caucasian Latin
2208,n000016,Caucasian Latin
2209,n000016,Caucasian Latin
2210,n000016,Caucasian Latin
2211,n000016,Caucasian Latin
2212,n000016,Caucasian Latin
2213,n000016,Caucasian Latin
2214,n000016,Caucasian Latin
2215,n000016,Caucasian Latin
2216,n000016,Caucasian Latin
2217,n000016,Caucasian Latin
2218,n000016,Caucasian Latin
2219,n000016,Caucasian Latin
2220,n000016,Caucasian Latin
2221,n000016,Caucasian Latin
2222,n000016,Caucasian Latin
2223,n000016,Caucasian Latin
2224,n000016,Caucasian Latin
2225,n000016,Caucasian Latin
2226,n000016,Caucasian Latin
2227,n000016,Caucasian Latin
2228,n000016,Caucasian Latin
2229,n000016,Caucasian Latin
2230,n000016,Caucasian Latin
2231,n000016,Caucasian Latin
2232,n000016,Caucasian Latin
2233,n000016,Caucasian Latin
2234,n000016,Caucasian Latin
2235,n000016,Caucasian Latin
2236,n000016,Caucasian Latin
2237,n000016,Caucasian Latin
2238,n000016,Caucasian Latin
2239,n000016,Caucasian Latin
2240,n000016,Caucasian Latin
2241,n000016,Caucasian Latin
2242,n000016,Caucasian Latin
2243,n000016,Caucasian Latin
2244,n000016,Caucasian Latin
2245,n000016,Caucasian Latin
2246,n000016,Caucasian Latin
2247,n000016,Caucasian Latin
2248,n000016,Caucasian Latin
2249,n000016,Caucasian Latin
2250,n000049,Caucasian Latin
2251,n000049,Caucasian Latin
2252,n000049,Caucasian Latin
2253,n000049,Caucasian Latin
2254,n000049,Caucasian Latin
2255,n000049,Caucasian Latin
2256,n000049,Caucasian Latin
2257,n000049,Caucasian Latin
2258,n000049,Caucasian Latin
2259,n000049,Caucasian Latin
2260,n000049,Caucasian Latin
2261,n000049,Caucasian Latin
2262,n000049,Caucasian Latin
2263,n000049,Caucasian Latin
2264,n000049,Caucasian Latin
2265,n000049,Caucasian Latin
2266,n000049,Caucasian Latin
2267,n000049,Caucasian Latin
2268,n000049,Caucasian Latin
2269,n000049,Caucasian Latin
2270,n000049,Caucasian Latin
2271,n000049,Caucasian Latin
2272,n000049,Caucasian Latin
2273,n000049,Caucasian Latin
2274,n000049,Caucasian Latin
2275,n000049,Caucasian Latin
2276,n000049,Caucasian Latin
2277,n000049,Caucasian Latin
2278,n000049,Caucasian Latin
2279,n000049,Caucasian Latin
2280,n000049,Caucasian Latin
2281,n000049,Caucasian Latin
2282,n000049,Caucasian Latin
2283,n000049,Caucasian Latin
2284,n000049,Caucasian Latin
2285,n000049,Caucasian Latin
2286,n000049,Caucasian Latin
2287,n000049,Caucasian Latin
2288,n000049,Caucasian Latin
2289,n000049,Caucasian Latin
2290,n000049,Caucasian Latin
2291,n000049,Caucasian Latin
2292,n000049,Caucasian Latin
2293,n000049,Caucasian Latin
2294,n000049,Caucasian Latin
2295,n000049,Caucasian Latin
2296,n000049,Caucasian Latin
2297,n000049,Caucasian Latin
2298,n000049,Caucasian Latin
2299,n000049,Caucasian Latin
2300,n000041,Caucasian Latin
2301,n000041,Caucasian Latin
2302,n000041,Caucasian Latin
2303,n000041,Caucasian Latin
2304,n000041,Caucasian Latin
2305,n000041,Caucasian Latin
2306,n000041,Caucasian Latin
2307,n000041,Caucasian Latin
2308,n000041,Caucasian Latin
2309,n000041,Caucasian Latin
2310,n000041,Caucasian Latin
2311,n000041,Caucasian Latin
2312,n000041,Caucasian Latin
2313,n000041,Caucasian Latin
2314,n000041,Caucasian Latin
2315,n000041,Caucasian Latin
2316,n000041,Caucasian Latin
2317,n000041,Caucasian Latin
2318,n000041,Caucasian Latin
2319,n000041,Caucasian Latin
2320,n000041,Caucasian Latin
2321,n000041,Caucasian Latin
2322,n000041,Caucasian Latin
2323,n000041,Caucasian Latin
2324,n000041,Caucasian Latin
2325,n000041,Caucasian Latin
2326,n000041,Caucasian Latin
2327,n000041,Caucasian Latin
2328,n000041,Caucasian Latin
2329,n000041,Caucasian Latin
2330,n000041,Caucasian Latin
2331,n000041,Caucasian Latin
2332,n000041,Caucasian Latin
2333,n000041,Caucasian Latin
2334,n000041,Caucasian Latin
2335,n000041,Caucasian Latin
2336,n000041,Caucasian Latin
2337,n000041,Caucasian Latin
2338,n000041,Caucasian Latin
2339,n000041,Caucasian Latin
2340,n000041,Caucasian Latin
2341,n000041,Caucasian Latin
2342,n000041,Caucasian Latin
2343,n000041,Caucasian Latin
2344,n000041,Caucasian Latin
2345,n000041,Caucasian Latin
2346,n000041,Caucasian Latin
2347,n000041,Caucasian Latin
2348,n000041,Caucasian Latin
2349,n000041,Caucasian Latin
2350,n000031,Caucasian Latin
2351,n000031,Caucasian Latin
2352,n000031,Caucasian Latin
2353,n000031,Caucasian Latin
2354,n000031,Caucasian Latin
2355,n000031,Caucasian Latin
2356,n000031,Caucasian Latin
2357,n000031,Caucasian Latin
2358,n000031,Caucasian Latin
2359,n000031,Caucasian Latin
2360,n000031,Caucasian Latin
2361,n000031,Caucasian Latin
2362,n000031,Caucasian Latin
2363,n000031,Caucasian Latin
2364,n000031,Caucasian Latin
2365,n000031,Caucasian Latin
2366,n000031,Caucasian Latin
2367,n000031,Caucasian Latin
2368,n000031,Caucasian Latin
2369,n000031,Caucasian Latin
2370,n000031,Caucasian Latin
2371,n000031,Caucasian Latin
2372,n000031,Caucasian Latin
2373,n000031,Caucasian Latin
2374,n000031,Caucasian Latin
2375,n000031,Caucasian Latin
2376,n000031,Caucasian Latin
2377,n000031,Caucasian Latin
2378,n000031,Caucasian Latin
2379,n000031,Caucasian Latin
2380,n000031,Caucasian Latin
2381,n000031,Caucasian Latin
2382,n000031,Caucasian Latin
2383,n000031,Caucasian Latin
2384,n000031,Caucasian Latin
2385,n000031,Caucasian Latin
2386,n000031,Caucasian Latin
2387,n000031,Caucasian Latin
2388,n000031,Caucasian Latin
2389,n000031,Caucasian Latin
2390,n000031,Caucasian Latin
2391,n000031,Caucasian Latin
2392,n000031,Caucasian Latin
2393,n000031,Caucasian Latin
2394,n000031,Caucasian Latin
2395,n000031,Caucasian Latin
2396,n000031,Caucasian Latin
2397,n000031,Caucasian Latin
2398,n000031,Caucasian Latin
2399,n000031,Caucasian Latin
2400,n000045,Caucasian Latin
2401,n000045,Caucasian Latin
2402,n000045,Caucasian Latin
2403,n000045,Caucasian Latin
2404,n000045,Caucasian Latin
2405,n000045,Caucasian Latin
2406,n000045,Caucasian Latin
2407,n000045,Caucasian Latin
2408,n000045,Caucasian Latin
2409,n000045,Caucasian Latin
2410,n000045,Caucasian Latin
2411,n000045,Caucasian Latin
2412,n000045,Caucasian Latin
2413,n000045,Caucasian Latin
2414,n000045,Caucasian Latin
2415,n000045,Caucasian Latin
2416,n000045,Caucasian Latin
2417,n000045,Caucasian Latin
2418,n000045,Caucasian Latin
2419,n000045,Caucasian Latin
2420,n000045,Caucasian Latin
2421,n000045,Caucasian Latin
2422,n000045,Caucasian Latin
2423,n000045,Caucasian Latin
2424,n000045,Caucasian Latin
2425,n000045,Caucasian Latin
2426,n000045,Caucasian Latin
2427,n000045,Caucasian Latin
2428,n000045,Caucasian Latin
2429,n000045,Caucasian Latin
2430,n000045,Caucasian Latin
2431,n000045,Caucasian Latin
2432,n000045,Caucasian Latin
2433,n000045,Caucasian Latin
2434,n000045,Caucasian Latin
2435,n000045,Caucasian Latin
2436,n000045,Caucasian Latin
2437,n000045,Caucasian Latin
2438,n000045,Caucasian Latin
2439,n000045,Caucasian Latin
2440,n000045,Caucasian Latin
2441,n000045,Caucasian Latin
2442,n000045,Caucasian Latin
2443,n000045,Caucasian Latin
2444,n000045,Caucasian Latin
2445,n000045,Caucasian Latin
2446,n000045,Caucasian Latin
2447,n000045,Caucasian Latin
2448,n000045,Caucasian Latin
2449,n000045,Caucasian Latin
2450,n000002,Caucasian Latin
2451,n000002,Caucasian Latin
2452,n000002,Caucasian Latin
2453,n000002,Caucasian Latin
2454,n000002,Caucasian Latin
2455,n000002,Caucasian Latin
2456,n000002,Caucasian Latin
2457,n000002,Caucasian Latin
2458,n000002,Caucasian Latin
2459,n000002,Caucasian Latin
2460,n000002,Caucasian Latin
2461,n000002,Caucasian Latin
2462,n000002,Caucasian Latin
2463,n000002,Caucasian Latin
2464,n000002,Caucasian Latin
2465,n000002,Caucasian Latin
2466,n000002,Caucasian Latin
2467,n000002,Caucasian Latin
2468,n000002,Caucasian Latin
2469,n000002,Caucasian Latin
2470,n000002,Caucasian Latin
2471,n000002,Caucasian Latin
2472,n000002,Caucasian Latin
2473,n000002,Caucasian Latin
2474,n000002,Caucasian Latin
2475,n000002,Caucasian Latin
2476,n000002,Caucasian Latin
2477,n000002,Caucasian Latin
2478,n000002,Caucasian Latin
2479,n000002,Caucasian Latin
2480,n000002,Caucasian Latin
2481,n000002,Caucasian Latin
2482,n000002,Caucasian Latin
2483,n000002,Caucasian Latin
2484,n000002,Caucasian Latin
2485,n000002,Caucasian Latin
2486,n000002,Caucasian Latin
2487,n000002,Caucasian Latin
2488,n000002,Caucasian Latin
2489,n000002,Caucasian Latin
2490,n000002,Caucasian Latin
2491,n000002,Caucasian Latin
2492,n000002,Caucasian Latin
2493,n000002,Caucasian Latin
2494,n000002,Caucasian Latin
2495,n000002,Caucasian Latin
2496,n000002,Caucasian Latin
2497,n000002,Caucasian Latin
2498,n000002,Caucasian Latin
2499,n000002,Caucasian Latin
2500,n000023,Caucasian Latin
2501,n000023,Caucasian Latin
2502,n000023,Caucasian Latin
2503,n000023,Caucasian Latin
2504,n000023,Caucasian Latin
2505,n000023,Caucasian Latin
2506,n000023,Caucasian Latin
2507,n000023,Caucasian Latin
2508,n000023,Caucasian Latin
2509,n000023,Caucasian Latin
2510,n000023,Caucasian Latin
2511,n000023,Caucasian Latin
2512,n000023,Caucasian Latin
2513,n000023,Caucasian Latin
2514,n000023,Caucasian Latin
2515,n000023,Caucasian Latin
2516,n000023,Caucasian Latin
2517,n000023,Caucasian Latin
2518,n000023,Caucasian Latin
2519,n000023,Caucasian Latin
2520,n000023,Caucasian Latin
2521,n000023,Caucasian Latin
2522,n000023,Caucasian Latin
2523,n000023,Caucasian Latin
2524,n000023,Caucasian Latin
2525,n000023,Caucasian Latin
2526,n000023,Caucasian Latin
2527,n000023,Caucasian Latin
2528,n000023,Caucasian Latin
2529,n000023,Caucasian Latin
2530,n000023,Caucasian Latin
2531,n000023,Caucasian Latin
2532,n000023,Caucasian Latin
2533,n000023,Caucasian Latin
2534,n000023,Caucasian Latin
2535,n000023,Caucasian Latin
2536,n000023,Caucasian Latin
2537,n000023,Caucasian Latin
2538,n000023,Caucasian Latin
2539,n000023,Caucasian Latin
2540,n000023,Caucasian Latin
2541,n000023,Caucasian Latin
2542,n000023,Caucasian Latin
2543,n000023,Caucasian Latin
2544,n000023,Caucasian Latin
2545,n000023,Caucasian Latin
2546,n000023,Caucasian Latin
2547,n000023,Caucasian Latin
2548,n000023,Caucasian Latin
2549,n000023,Caucasian Latin
2550,n000060,Caucasian Latin
2551,n000060,Caucasian Latin
2552,n000060,Caucasian Latin
2553,n000060,Caucasian Latin
2554,n000060,Caucasian Latin
2555,n000060,Caucasian Latin
2556,n000060,Caucasian Latin
2557,n000060,Caucasian Latin
2558,n000060,Caucasian Latin
2559,n000060,Caucasian Latin
2560,n000060,Caucasian Latin
2561,n000060,Caucasian Latin
2562,n000060,Caucasian Latin
2563,n000060,Caucasian Latin
2564,n000060,Caucasian Latin
2565,n000060,Caucasian Latin
2566,n000060,Caucasian Latin
2567,n000060,Caucasian Latin
2568,n000060,Caucasian Latin
2569,n000060,Caucasian Latin
2570,n000060,Caucasian Latin
2571,n000060,Caucasian Latin
2572,n000060,Caucasian Latin
2573,n000060,Caucasian Latin
2574,n000060,Caucasian Latin
2575,n000060,Caucasian Latin
2576,n000060,Caucasian Latin
2577,n000060,Caucasian Latin
2578,n000060,Caucasian Latin
2579,n000060,Caucasian Latin
2580,n000060,Caucasian Latin
2581,n000060,Caucasian Latin
2582,n000060,Caucasian Latin
2583,n000060,Caucasian Latin
2584,n000060,Caucasian Latin
2585,n000060,Caucasian Latin
2586,n000060,Caucasian Latin
2587,n000060,Caucasian Latin
2588,n000060,Caucasian Latin
2589,n000060,Caucasian Latin
2590,n000060,Caucasian Latin
2591,n000060,Caucasian Latin
2592,n000060,Caucasian Latin
2593,n000060,Caucasian Latin
2594,n000060,Caucasian Latin
2595,n000060,Caucasian Latin
2596,n000060,Caucasian Latin
2597,n000060,Caucasian Latin
2598,n000060,Caucasian Latin
2599,n000060,Caucasian Latin
2600,n000044,Caucasian Latin
2601,n000044,Caucasian Latin
2602,n000044,Caucasian Latin
2603,n000044,Caucasian Latin
2604,n000044,Caucasian Latin
2605,n000044,Caucasian Latin
2606,n000044,Caucasian Latin
2607,n000044,Caucasian Latin
2608,n000044,Caucasian Latin
2609,n000044,Caucasian Latin
2610,n000044,Caucasian Latin
2611,n000044,Caucasian Latin
2612,n000044,Caucasian Latin
2613,n000044,Caucasian Latin
2614,n000044,Caucasian Latin
2615,n000044,Caucasian Latin
2616,n000044,Caucasian Latin
2617,n000044,Caucasian Latin
2618,n000044,Caucasian Latin
2619,n000044,Caucasian Latin
2620,n000044,Caucasian Latin
2621,n000044,Caucasian Latin
2622,n000044,Caucasian Latin
2623,n000044,Caucasian Latin
2624,n000044,Caucasian Latin
2625,n000044,Caucasian Latin
2626,n000044,Caucasian Latin
2627,n000044,Caucasian Latin
2628,n000044,Caucasian Latin
2629,n000044,Caucasian Latin
2630,n000044,Caucasian Latin
2631,n000044,Caucasian Latin
2632,n000044,Caucasian Latin
2633,n000044,Caucasian Latin
2634,n000044,Caucasian Latin
2635,n000044,Caucasian Latin
2636,n000044,Caucasian Latin
2637,n000044,Caucasian Latin
2638,n000044,Caucasian Latin
2639,n000044,Caucasian Latin
2640,n000044,Caucasian Latin
2641,n000044,Caucasian Latin
2642,n000044,Caucasian Latin
2643,n000044,Caucasian Latin
2644,n000044,Caucasian Latin
2645,n000044,Caucasian Latin
2646,n000044,Caucasian Latin
2647,n000044,Caucasian Latin
2648,n000044,Caucasian Latin
2649,n000044,Caucasian Latin
2650,n000022,Caucasian Latin
2651,n000022,Caucasian Latin
2652,n000022,Caucasian Latin
2653,n000022,Caucasian Latin
2654,n000022,Caucasian Latin
2655,n000022,Caucasian Latin
2656,n000022,Caucasian Latin
2657,n000022,Caucasian Latin
2658,n000022,Caucasian Latin
2659,n000022,Caucasian Latin
2660,n000022,Caucasian Latin
2661,n000022,Caucasian Latin
2662,n000022,Caucasian Latin
2663,n000022,Caucasian Latin
2664,n000022,Caucasian Latin
2665,n000022,Caucasian Latin
2666,n000022,Caucasian Latin
2667,n000022,Caucasian Latin
2668,n000022,Caucasian Latin
2669,n000022,Caucasian Latin
2670,n000022,Caucasian Latin
2671,n000022,Caucasian Latin
2672,n000022,Caucasian Latin
2673,n000022,Caucasian Latin
2674,n000022,Caucasian Latin
2675,n000022,Caucasian Latin
2676,n000022,Caucasian Latin
2677,n000022,Caucasian Latin
2678,n000022,Caucasian Latin
2679,n000022,Caucasian Latin
2680,n000022,Caucasian Latin
2681,n000022,Caucasian Latin
2682,n000022,Caucasian Latin
2683,n000022,Caucasian Latin
2684,n000022,Caucasian Latin
2685,n000022,Caucasian Latin
2686,n000022,Caucasian Latin
2687,n000022,Caucasian Latin
2688,n000022,Caucasian Latin
2689,n000022,Caucasian Latin
2690,n000022,Caucasian Latin
2691,n000022,Caucasian Latin
2692,n000022,Caucasian Latin
2693,n000022,Caucasian Latin
2694,n000022,Caucasian Latin
2695,n000022,Caucasian Latin
2696,n000022,Caucasian Latin
2697,n000022,Caucasian Latin
2698,n000022,Caucasian Latin
2699,n000022,Caucasian Latin
2700,n000005,Caucasian Latin
2701,n000005,Caucasian Latin
2702,n000005,Caucasian Latin
2703,n000005,Caucasian Latin
2704,n000005,Caucasian Latin
2705,n000005,Caucasian Latin
2706,n000005,Caucasian Latin
2707,n000005,Caucasian Latin
2708,n000005,Caucasian Latin
2709,n000005,Caucasian Latin
2710,n000005,Caucasian Latin
2711,n000005,Caucasian Latin
2712,n000005,Caucasian Latin
2713,n000005,Caucasian Latin
2714,n000005,Caucasian Latin
2715,n000005,Caucasian Latin
2716,n000005,Caucasian Latin
2717,n000005,Caucasian Latin
2718,n000005,Caucasian Latin
2719,n000005,Caucasian Latin
2720,n000005,Caucasian Latin
2721,n000005,Caucasian Latin
2722,n000005,Caucasian Latin
2723,n000005,Caucasian Latin
2724,n000005,Caucasian Latin
2725,n000005,Caucasian Latin
2726,n000005,Caucasian Latin
2727,n000005,Caucasian Latin
2728,n000005,Caucasian Latin
2729,n000005,Caucasian Latin
2730,n000005,Caucasian Latin
2731,n000005,Caucasian Latin
2732,n000005,Caucasian Latin
2733,n000005,Caucasian Latin
2734,n000005,Caucasian Latin
2735,n000005,Caucasian Latin
2736,n000005,Caucasian Latin
2737,n000005,Caucasian Latin
2738,n000005,Caucasian Latin
2739,n000005,Caucasian Latin
2740,n000005,Caucasian Latin
2741,n000005,Caucasian Latin
2742,n000005,Caucasian Latin
2743,n000005,Caucasian Latin
2744,n000005,Caucasian Latin
2745,n000005,Caucasian Latin
2746,n000005,Caucasian Latin
2747,n000005,Caucasian Latin
2748,n000005,Caucasian Latin
2749,n000005,Caucasian Latin
2750,n000035,Caucasian Latin
2751,n000035,Caucasian Latin
2752,n000035,Caucasian Latin
2753,n000035,Caucasian Latin
2754,n000035,Caucasian Latin
2755,n000035,Caucasian Latin
2756,n000035,Caucasian Latin
2757,n000035,Caucasian Latin
2758,n000035,Caucasian Latin
2759,n000035,Caucasian Latin
2760,n000035,Caucasian Latin
2761,n000035,Caucasian Latin
2762,n000035,Caucasian Latin
2763,n000035,Caucasian Latin
2764,n000035,Caucasian Latin
2765,n000035,Caucasian Latin
2766,n000035,Caucasian Latin
2767,n000035,Caucasian Latin
2768,n000035,Caucasian Latin
2769,n000035,Caucasian Latin
2770,n000035,Caucasian Latin
2771,n000035,Caucasian Latin
2772,n000035,Caucasian Latin
2773,n000035,Caucasian Latin
2774,n000035,Caucasian Latin
2775,n000035,Caucasian Latin
2776,n000035,Caucasian Latin
2777,n000035,Caucasian Latin
2778,n000035,Caucasian Latin
2779,n000035,Caucasian Latin
2780,n000035,Caucasian Latin
2781,n000035,Caucasian Latin
2782,n000035,Caucasian Latin
2783,n000035,Caucasian Latin
2784,n000035,Caucasian Latin
2785,n000035,Caucasian Latin
2786,n000035,Caucasian Latin
2787,n000035,Caucasian Latin
2788,n000035,Caucasian Latin
2789,n000035,Caucasian Latin
2790,n000035,Caucasian Latin
2791,n000035,Caucasian Latin
2792,n000035,Caucasian Latin
2793,n000035,Caucasian Latin
2794,n000035,Caucasian Latin
2795,n000035,Caucasian Latin
2796,n000035,Caucasian Latin
2797,n000035,Caucasian Latin
2798,n000035,Caucasian Latin
2799,n000035,Caucasian Latin
2800,n000050,Caucasian Latin
2801,n000050,Caucasian Latin
2802,n000050,Caucasian Latin
2803,n000050,Caucasian Latin
2804,n000050,Caucasian Latin
2805,n000050,Caucasian Latin
2806,n000050,Caucasian Latin
2807,n000050,Caucasian Latin
2808,n000050,Caucasian Latin
2809,n000050,Caucasian Latin
2810,n000050,Caucasian Latin
2811,n000050,Caucasian Latin
2812,n000050,Caucasian Latin
2813,n000050,Caucasian Latin
2814,n000050,Caucasian Latin
2815,n000050,Caucasian Latin
2816,n000050,Caucasian Latin
2817,n000050,Caucasian Latin
2818,n000050,Caucasian Latin
2819,n000050,Caucasian Latin
2820,n000050,Caucasian Latin
2821,n000050,Caucasian Latin
2822,n000050,Caucasian Latin
2823,n000050,Caucasian Latin
2824,n000050,Caucasian Latin
2825,n000050,Caucasian Latin
2826,n000050,Caucasian Latin
2827,n000050,Caucasian Latin
2828,n000050,Caucasian Latin
2829,n000050,Caucasian Latin
2830,n000050,Caucasian Latin
2831,n000050,Caucasian Latin
2832,n000050,Caucasian Latin
2833,n000050,Caucasian Latin
2834,n000050,Caucasian Latin
2835,n000050,Caucasian Latin
2836,n000050,Caucasian Latin
2837,n000050,Caucasian Latin
2838,n000050,Caucasian Latin
2839,n000050,Caucasian Latin
2840,n000050,Caucasian Latin
2841,n000050,Caucasian Latin
2842,n000050,Caucasian Latin
2843,n000050,Caucasian Latin
2844,n000050,Caucasian Latin
2845,n000050,Caucasian Latin
2846,n000050,Caucasian Latin
2847,n000050,Caucasian Latin
2848,n000050,Caucasian Latin
2849,n000050,Caucasian Latin
2850,n000025,Caucasian Latin
2851,n000025,Caucasian Latin
2852,n000025,Caucasian Latin
2853,n000025,Caucasian Latin
2854,n000025,Caucasian Latin
2855,n000025,Caucasian Latin
2856,n000025,Caucasian Latin
2857,n000025,Caucasian Latin
2858,n000025,Caucasian Latin
2859,n000025,Caucasian Latin
2860,n000025,Caucasian Latin
2861,n000025,Caucasian Latin
2862,n000025,Caucasian Latin
2863,n000025,Caucasian Latin
2864,n000025,Caucasian Latin
2865,n000025,Caucasian Latin
2866,n000025,Caucasian Latin
2867,n000025,Caucasian Latin
2868,n000025,Caucasian Latin
2869,n000025,Caucasian Latin
2870,n000025,Caucasian Latin
2871,n000025,Caucasian Latin
2872,n000025,Caucasian Latin
2873,n000025,Caucasian Latin
2874,n000025,Caucasian Latin
2875,n000025,Caucasian Latin
2876,n000025,Caucasian Latin
2877,n000025,Caucasian Latin
2878,n000025,Caucasian Latin
2879,n000025,Caucasian Latin
2880,n000025,Caucasian Latin
2881,n000025,Caucasian Latin
2882,n000025,Caucasian Latin
2883,n000025,Caucasian Latin
2884,n000025,Caucasian Latin
2885,n000025,Caucasian Latin
2886,n000025,Caucasian Latin
2887,n000025,Caucasian Latin
2888,n000025,Caucasian Latin
2889,n000025,Caucasian Latin
2890,n000025,Caucasian Latin
2891,n000025,Caucasian Latin
2892,n000025,Caucasian Latin
2893,n000025,Caucasian Latin
2894,n000025,Caucasian Latin
2895,n000025,Caucasian Latin
2896,n000025,Caucasian Latin
2897,n000025,Caucasian Latin
2898,n000025,Caucasian Latin
2899,n000025,Caucasian Latin
2900,n000054,Caucasian Latin
2901,n000054,Caucasian Latin
2902,n000054,Caucasian Latin
2903,n000054,Caucasian Latin
2904,n000054,Caucasian Latin
2905,n000054,Caucasian Latin
2906,n000054,Caucasian Latin
2907,n000054,Caucasian Latin
2908,n000054,Caucasian Latin
2909,n000054,Caucasian Latin
2910,n000054,Caucasian Latin
2911,n000054,Caucasian Latin
2912,n000054,Caucasian Latin
2913,n000054,Caucasian Latin
2914,n000054,Caucasian Latin
2915,n000054,Caucasian Latin
2916,n000054,Caucasian Latin
2917,n000054,Caucasian Latin
2918,n000054,Caucasian Latin
2919,n000054,Caucasian Latin
2920,n000054,Caucasian Latin
2921,n000054,Caucasian Latin
2922,n000054,Caucasian Latin
2923,n000054,Caucasian Latin
2924,n000054,Caucasian Latin
2925,n000054,Caucasian Latin
2926,n000054,Caucasian Latin
2927,n000054,Caucasian Latin
2928,n000054,Caucasian Latin
2929,n000054,Caucasian Latin
2930,n000054,Caucasian Latin
2931,n000054,Caucasian Latin
2932,n000054,Caucasian Latin
2933,n000054,Caucasian Latin
2934,n000054,Caucasian Latin
2935,n000054,Caucasian Latin
2936,n000054,Caucasian Latin
2937,n000054,Caucasian Latin
2938,n000054,Caucasian Latin
2939,n000054,Caucasian Latin
2940,n000054,Caucasian Latin
2941,n000054,Caucasian Latin
2942,n000054,Caucasian Latin
2943,n000054,Caucasian Latin
2944,n000054,Caucasian Latin
2945,n000054,Caucasian Latin
2946,n000054,Caucasian Latin
2947,n000054,Caucasian Latin
2948,n000054,Caucasian Latin
2949,n000054,Caucasian Latin
2950,n000051,Caucasian Latin
2951,n000051,Caucasian Latin
2952,n000051,Caucasian Latin
2953,n000051,Caucasian Latin
2954,n000051,Caucasian Latin
2955,n000051,Caucasian Latin
2956,n000051,Caucasian Latin
2957,n000051,Caucasian Latin
2958,n000051,Caucasian Latin
2959,n000051,Caucasian Latin
2960,n000051,Caucasian Latin
2961,n000051,Caucasian Latin
2962,n000051,Caucasian Latin
2963,n000051,Caucasian Latin
2964,n000051,Caucasian Latin
2965,n000051,Caucasian Latin
2966,n000051,Caucasian Latin
2967,n000051,Caucasian Latin
2968,n000051,Caucasian Latin
2969,n000051,Caucasian Latin
2970,n000051,Caucasian Latin
2971,n000051,Caucasian Latin
2972,n000051,Caucasian Latin
2973,n000051,Caucasian Latin
2974,n000051,Caucasian Latin
2975,n000051,Caucasian Latin
2976,n000051,Caucasian Latin
2977,n000051,Caucasian Latin
2978,n000051,Caucasian Latin
2979,n000051,Caucasian Latin
2980,n000051,Caucasian Latin
2981,n000051,Caucasian Latin
2982,n000051,Caucasian Latin
2983,n000051,Caucasian Latin
2984,n000051,Caucasian Latin
2985,n000051,Caucasian Latin
2986,n000051,Caucasian Latin
2987,n000051,Caucasian Latin
2988,n000051,Caucasian Latin
2989,n000051,Caucasian Latin
2990,n000051,Caucasian Latin
2991,n000051,Caucasian Latin
2992,n000051,Caucasian Latin
2993,n000051,Caucasian Latin
2994,n000051,Caucasian Latin
2995,n000051,Caucasian Latin
2996,n000051,Caucasian Latin
2997,n000051,Caucasian Latin
2998,n000051,Caucasian Latin
2999,n000051,Caucasian Latin
