,id,ethnicity
0,n000171,African American
1,n000171,African American
2,n000171,African American
3,n000171,African American
4,n000171,African American
5,n000171,African American
6,n000171,African American
7,n000171,African American
8,n000171,African American
9,n000171,African American
10,n000171,African American
11,n000171,African American
12,n000171,African American
13,n000171,African American
14,n000171,African American
15,n000171,African American
16,n000171,African American
17,n000171,African American
18,n000171,African American
19,n000171,African American
20,n000171,African American
21,n000171,African American
22,n000171,African American
23,n000171,African American
24,n000171,African American
25,n000171,African American
26,n000171,African American
27,n000171,African American
28,n000171,African American
29,n000171,African American
30,n000171,African American
31,n000171,African American
32,n000171,African American
33,n000171,African American
34,n000171,African American
35,n000171,African American
36,n000171,African American
37,n000171,African American
38,n000171,African American
39,n000171,African American
40,n000171,African American
41,n000171,African American
42,n000171,African American
43,n000171,African American
44,n000171,African American
45,n000171,African American
46,n000171,African American
47,n000171,African American
48,n000171,African American
49,n000171,African American
50,n000233,African American
51,n000233,African American
52,n000233,African American
53,n000233,African American
54,n000233,African American
55,n000233,African American
56,n000233,African American
57,n000233,African American
58,n000233,African American
59,n000233,African American
60,n000233,African American
61,n000233,African American
62,n000233,African American
63,n000233,African American
64,n000233,African American
65,n000233,African American
66,n000233,African American
67,n000233,African American
68,n000233,African American
69,n000233,African American
70,n000233,African American
71,n000233,African American
72,n000233,African American
73,n000233,African American
74,n000233,African American
75,n000233,African American
76,n000233,African American
77,n000233,African American
78,n000233,African American
79,n000233,African American
80,n000233,African American
81,n000233,African American
82,n000233,African American
83,n000233,African American
84,n000233,African American
85,n000233,African American
86,n000233,African American
87,n000233,African American
88,n000233,African American
89,n000233,African American
90,n000233,African American
91,n000233,African American
92,n000233,African American
93,n000233,African American
94,n000233,African American
95,n000233,African American
96,n000233,African American
97,n000233,African American
98,n000233,African American
99,n000233,African American
100,n000034,African American
101,n000034,African American
102,n000034,African American
103,n000034,African American
104,n000034,African American
105,n000034,African American
106,n000034,African American
107,n000034,African American
108,n000034,African American
109,n000034,African American
110,n000034,African American
111,n000034,African American
112,n000034,African American
113,n000034,African American
114,n000034,African American
115,n000034,African American
116,n000034,African American
117,n000034,African American
118,n000034,African American
119,n000034,African American
120,n000034,African American
121,n000034,African American
122,n000034,African American
123,n000034,African American
124,n000034,African American
125,n000034,African American
126,n000034,African American
127,n000034,African American
128,n000034,African American
129,n000034,African American
130,n000034,African American
131,n000034,African American
132,n000034,African American
133,n000034,African American
134,n000034,African American
135,n000034,African American
136,n000034,African American
137,n000034,African American
138,n000034,African American
139,n000034,African American
140,n000034,African American
141,n000034,African American
142,n000034,African American
143,n000034,African American
144,n000034,African American
145,n000034,African American
146,n000034,African American
147,n000034,African American
148,n000034,African American
149,n000034,African American
150,n000220,African American
151,n000220,African American
152,n000220,African American
153,n000220,African American
154,n000220,African American
155,n000220,African American
156,n000220,African American
157,n000220,African American
158,n000220,African American
159,n000220,African American
160,n000220,African American
161,n000220,African American
162,n000220,African American
163,n000220,African American
164,n000220,African American
165,n000220,African American
166,n000220,African American
167,n000220,African American
168,n000220,African American
169,n000220,African American
170,n000220,African American
171,n000220,African American
172,n000220,African American
173,n000220,African American
174,n000220,African American
175,n000220,African American
176,n000220,African American
177,n000220,African American
178,n000220,African American
179,n000220,African American
180,n000220,African American
181,n000220,African American
182,n000220,African American
183,n000220,African American
184,n000220,African American
185,n000220,African American
186,n000220,African American
187,n000220,African American
188,n000220,African American
189,n000220,African American
190,n000220,African American
191,n000220,African American
192,n000220,African American
193,n000220,African American
194,n000220,African American
195,n000220,African American
196,n000220,African American
197,n000220,African American
198,n000220,African American
199,n000220,African American
200,n000096,African American
201,n000096,African American
202,n000096,African American
203,n000096,African American
204,n000096,African American
205,n000096,African American
206,n000096,African American
207,n000096,African American
208,n000096,African American
209,n000096,African American
210,n000096,African American
211,n000096,African American
212,n000096,African American
213,n000096,African American
214,n000096,African American
215,n000096,African American
216,n000096,African American
217,n000096,African American
218,n000096,African American
219,n000096,African American
220,n000096,African American
221,n000096,African American
222,n000096,African American
223,n000096,African American
224,n000096,African American
225,n000096,African American
226,n000096,African American
227,n000096,African American
228,n000096,African American
229,n000096,African American
230,n000096,African American
231,n000096,African American
232,n000096,African American
233,n000096,African American
234,n000096,African American
235,n000096,African American
236,n000096,African American
237,n000096,African American
238,n000096,African American
239,n000096,African American
240,n000096,African American
241,n000096,African American
242,n000096,African American
243,n000096,African American
244,n000096,African American
245,n000096,African American
246,n000096,African American
247,n000096,African American
248,n000096,African American
249,n000096,African American
250,n000172,African American
251,n000172,African American
252,n000172,African American
253,n000172,African American
254,n000172,African American
255,n000172,African American
256,n000172,African American
257,n000172,African American
258,n000172,African American
259,n000172,African American
260,n000172,African American
261,n000172,African American
262,n000172,African American
263,n000172,African American
264,n000172,African American
265,n000172,African American
266,n000172,African American
267,n000172,African American
268,n000172,African American
269,n000172,African American
270,n000172,African American
271,n000172,African American
272,n000172,African American
273,n000172,African American
274,n000172,African American
275,n000172,African American
276,n000172,African American
277,n000172,African American
278,n000172,African American
279,n000172,African American
280,n000172,African American
281,n000172,African American
282,n000172,African American
283,n000172,African American
284,n000172,African American
285,n000172,African American
286,n000172,African American
287,n000172,African American
288,n000172,African American
289,n000172,African American
290,n000172,African American
291,n000172,African American
292,n000172,African American
293,n000172,African American
294,n000172,African American
295,n000172,African American
296,n000172,African American
297,n000172,African American
298,n000172,African American
299,n000172,African American
300,n000208,African American
301,n000208,African American
302,n000208,African American
303,n000208,African American
304,n000208,African American
305,n000208,African American
306,n000208,African American
307,n000208,African American
308,n000208,African American
309,n000208,African American
310,n000208,African American
311,n000208,African American
312,n000208,African American
313,n000208,African American
314,n000208,African American
315,n000208,African American
316,n000208,African American
317,n000208,African American
318,n000208,African American
319,n000208,African American
320,n000208,African American
321,n000208,African American
322,n000208,African American
323,n000208,African American
324,n000208,African American
325,n000208,African American
326,n000208,African American
327,n000208,African American
328,n000208,African American
329,n000208,African American
330,n000208,African American
331,n000208,African American
332,n000208,African American
333,n000208,African American
334,n000208,African American
335,n000208,African American
336,n000208,African American
337,n000208,African American
338,n000208,African American
339,n000208,African American
340,n000208,African American
341,n000208,African American
342,n000208,African American
343,n000208,African American
344,n000208,African American
345,n000208,African American
346,n000208,African American
347,n000208,African American
348,n000208,African American
349,n000208,African American
350,n000094,African American
351,n000094,African American
352,n000094,African American
353,n000094,African American
354,n000094,African American
355,n000094,African American
356,n000094,African American
357,n000094,African American
358,n000094,African American
359,n000094,African American
360,n000094,African American
361,n000094,African American
362,n000094,African American
363,n000094,African American
364,n000094,African American
365,n000094,African American
366,n000094,African American
367,n000094,African American
368,n000094,African American
369,n000094,African American
370,n000094,African American
371,n000094,African American
372,n000094,African American
373,n000094,African American
374,n000094,African American
375,n000094,African American
376,n000094,African American
377,n000094,African American
378,n000094,African American
379,n000094,African American
380,n000094,African American
381,n000094,African American
382,n000094,African American
383,n000094,African American
384,n000094,African American
385,n000094,African American
386,n000094,African American
387,n000094,African American
388,n000094,African American
389,n000094,African American
390,n000094,African American
391,n000094,African American
392,n000094,African American
393,n000094,African American
394,n000094,African American
395,n000094,African American
396,n000094,African American
397,n000094,African American
398,n000094,African American
399,n000094,African American
400,n000209,African American
401,n000209,African American
402,n000209,African American
403,n000209,African American
404,n000209,African American
405,n000209,African American
406,n000209,African American
407,n000209,African American
408,n000209,African American
409,n000209,African American
410,n000209,African American
411,n000209,African American
412,n000209,African American
413,n000209,African American
414,n000209,African American
415,n000209,African American
416,n000209,African American
417,n000209,African American
418,n000209,African American
419,n000209,African American
420,n000209,African American
421,n000209,African American
422,n000209,African American
423,n000209,African American
424,n000209,African American
425,n000209,African American
426,n000209,African American
427,n000209,African American
428,n000209,African American
429,n000209,African American
430,n000209,African American
431,n000209,African American
432,n000209,African American
433,n000209,African American
434,n000209,African American
435,n000209,African American
436,n000209,African American
437,n000209,African American
438,n000209,African American
439,n000209,African American
440,n000209,African American
441,n000209,African American
442,n000209,African American
443,n000209,African American
444,n000209,African American
445,n000209,African American
446,n000209,African American
447,n000209,African American
448,n000209,African American
449,n000209,African American
450,n000253,African American
451,n000253,African American
452,n000253,African American
453,n000253,African American
454,n000253,African American
455,n000253,African American
456,n000253,African American
457,n000253,African American
458,n000253,African American
459,n000253,African American
460,n000253,African American
461,n000253,African American
462,n000253,African American
463,n000253,African American
464,n000253,African American
465,n000253,African American
466,n000253,African American
467,n000253,African American
468,n000253,African American
469,n000253,African American
470,n000253,African American
471,n000253,African American
472,n000253,African American
473,n000253,African American
474,n000253,African American
475,n000253,African American
476,n000253,African American
477,n000253,African American
478,n000253,African American
479,n000253,African American
480,n000253,African American
481,n000253,African American
482,n000253,African American
483,n000253,African American
484,n000253,African American
485,n000253,African American
486,n000253,African American
487,n000253,African American
488,n000253,African American
489,n000253,African American
490,n000253,African American
491,n000253,African American
492,n000253,African American
493,n000253,African American
494,n000253,African American
495,n000253,African American
496,n000253,African American
497,n000253,African American
498,n000253,African American
499,n000253,African American
500,n000014,African American
501,n000014,African American
502,n000014,African American
503,n000014,African American
504,n000014,African American
505,n000014,African American
506,n000014,African American
507,n000014,African American
508,n000014,African American
509,n000014,African American
510,n000014,African American
511,n000014,African American
512,n000014,African American
513,n000014,African American
514,n000014,African American
515,n000014,African American
516,n000014,African American
517,n000014,African American
518,n000014,African American
519,n000014,African American
520,n000014,African American
521,n000014,African American
522,n000014,African American
523,n000014,African American
524,n000014,African American
525,n000014,African American
526,n000014,African American
527,n000014,African American
528,n000014,African American
529,n000014,African American
530,n000014,African American
531,n000014,African American
532,n000014,African American
533,n000014,African American
534,n000014,African American
535,n000014,African American
536,n000014,African American
537,n000014,African American
538,n000014,African American
539,n000014,African American
540,n000014,African American
541,n000014,African American
542,n000014,African American
543,n000014,African American
544,n000014,African American
545,n000014,African American
546,n000014,African American
547,n000014,African American
548,n000014,African American
549,n000014,African American
550,n000015,African American
551,n000015,African American
552,n000015,African American
553,n000015,African American
554,n000015,African American
555,n000015,African American
556,n000015,African American
557,n000015,African American
558,n000015,African American
559,n000015,African American
560,n000015,African American
561,n000015,African American
562,n000015,African American
563,n000015,African American
564,n000015,African American
565,n000015,African American
566,n000015,African American
567,n000015,African American
568,n000015,African American
569,n000015,African American
570,n000015,African American
571,n000015,African American
572,n000015,African American
573,n000015,African American
574,n000015,African American
575,n000015,African American
576,n000015,African American
577,n000015,African American
578,n000015,African American
579,n000015,African American
580,n000015,African American
581,n000015,African American
582,n000015,African American
583,n000015,African American
584,n000015,African American
585,n000015,African American
586,n000015,African American
587,n000015,African American
588,n000015,African American
589,n000015,African American
590,n000015,African American
591,n000015,African American
592,n000015,African American
593,n000015,African American
594,n000015,African American
595,n000015,African American
596,n000015,African American
597,n000015,African American
598,n000015,African American
599,n000015,African American
600,n000173,African American
601,n000173,African American
602,n000173,African American
603,n000173,African American
604,n000173,African American
605,n000173,African American
606,n000173,African American
607,n000173,African American
608,n000173,African American
609,n000173,African American
610,n000173,African American
611,n000173,African American
612,n000173,African American
613,n000173,African American
614,n000173,African American
615,n000173,African American
616,n000173,African American
617,n000173,African American
618,n000173,African American
619,n000173,African American
620,n000173,African American
621,n000173,African American
622,n000173,African American
623,n000173,African American
624,n000173,African American
625,n000173,African American
626,n000173,African American
627,n000173,African American
628,n000173,African American
629,n000173,African American
630,n000173,African American
631,n000173,African American
632,n000173,African American
633,n000173,African American
634,n000173,African American
635,n000173,African American
636,n000173,African American
637,n000173,African American
638,n000173,African American
639,n000173,African American
640,n000173,African American
641,n000173,African American
642,n000173,African American
643,n000173,African American
644,n000173,African American
645,n000173,African American
646,n000173,African American
647,n000173,African American
648,n000173,African American
649,n000173,African American
650,n000076,African American
651,n000076,African American
652,n000076,African American
653,n000076,African American
654,n000076,African American
655,n000076,African American
656,n000076,African American
657,n000076,African American
658,n000076,African American
659,n000076,African American
660,n000076,African American
661,n000076,African American
662,n000076,African American
663,n000076,African American
664,n000076,African American
665,n000076,African American
666,n000076,African American
667,n000076,African American
668,n000076,African American
669,n000076,African American
670,n000076,African American
671,n000076,African American
672,n000076,African American
673,n000076,African American
674,n000076,African American
675,n000076,African American
676,n000076,African American
677,n000076,African American
678,n000076,African American
679,n000076,African American
680,n000076,African American
681,n000076,African American
682,n000076,African American
683,n000076,African American
684,n000076,African American
685,n000076,African American
686,n000076,African American
687,n000076,African American
688,n000076,African American
689,n000076,African American
690,n000076,African American
691,n000076,African American
692,n000076,African American
693,n000076,African American
694,n000076,African American
695,n000076,African American
696,n000076,African American
697,n000076,African American
698,n000076,African American
699,n000076,African American
700,n000234,African American
701,n000234,African American
702,n000234,African American
703,n000234,African American
704,n000234,African American
705,n000234,African American
706,n000234,African American
707,n000234,African American
708,n000234,African American
709,n000234,African American
710,n000234,African American
711,n000234,African American
712,n000234,African American
713,n000234,African American
714,n000234,African American
715,n000234,African American
716,n000234,African American
717,n000234,African American
718,n000234,African American
719,n000234,African American
720,n000234,African American
721,n000234,African American
722,n000234,African American
723,n000234,African American
724,n000234,African American
725,n000234,African American
726,n000234,African American
727,n000234,African American
728,n000234,African American
729,n000234,African American
730,n000234,African American
731,n000234,African American
732,n000234,African American
733,n000234,African American
734,n000234,African American
735,n000234,African American
736,n000234,African American
737,n000234,African American
738,n000234,African American
739,n000234,African American
740,n000234,African American
741,n000234,African American
742,n000234,African American
743,n000234,African American
744,n000234,African American
745,n000234,African American
746,n000234,African American
747,n000234,African American
748,n000234,African American
749,n000234,African American
750,n000265,African American
751,n000265,African American
752,n000265,African American
753,n000265,African American
754,n000265,African American
755,n000265,African American
756,n000265,African American
757,n000265,African American
758,n000265,African American
759,n000265,African American
760,n000265,African American
761,n000265,African American
762,n000265,African American
763,n000265,African American
764,n000265,African American
765,n000265,African American
766,n000265,African American
767,n000265,African American
768,n000265,African American
769,n000265,African American
770,n000265,African American
771,n000265,African American
772,n000265,African American
773,n000265,African American
774,n000265,African American
775,n000265,African American
776,n000265,African American
777,n000265,African American
778,n000265,African American
779,n000265,African American
780,n000265,African American
781,n000265,African American
782,n000265,African American
783,n000265,African American
784,n000265,African American
785,n000265,African American
786,n000265,African American
787,n000265,African American
788,n000265,African American
789,n000265,African American
790,n000265,African American
791,n000265,African American
792,n000265,African American
793,n000265,African American
794,n000265,African American
795,n000265,African American
796,n000265,African American
797,n000265,African American
798,n000265,African American
799,n000265,African American
800,n000191,African American
801,n000191,African American
802,n000191,African American
803,n000191,African American
804,n000191,African American
805,n000191,African American
806,n000191,African American
807,n000191,African American
808,n000191,African American
809,n000191,African American
810,n000191,African American
811,n000191,African American
812,n000191,African American
813,n000191,African American
814,n000191,African American
815,n000191,African American
816,n000191,African American
817,n000191,African American
818,n000191,African American
819,n000191,African American
820,n000191,African American
821,n000191,African American
822,n000191,African American
823,n000191,African American
824,n000191,African American
825,n000191,African American
826,n000191,African American
827,n000191,African American
828,n000191,African American
829,n000191,African American
830,n000191,African American
831,n000191,African American
832,n000191,African American
833,n000191,African American
834,n000191,African American
835,n000191,African American
836,n000191,African American
837,n000191,African American
838,n000191,African American
839,n000191,African American
840,n000191,African American
841,n000191,African American
842,n000191,African American
843,n000191,African American
844,n000191,African American
845,n000191,African American
846,n000191,African American
847,n000191,African American
848,n000191,African American
849,n000191,African American
850,n000084,East Asian
851,n000084,East Asian
852,n000084,East Asian
853,n000084,East Asian
854,n000084,East Asian
855,n000084,East Asian
856,n000084,East Asian
857,n000084,East Asian
858,n000084,East Asian
859,n000084,East Asian
860,n000084,East Asian
861,n000084,East Asian
862,n000084,East Asian
863,n000084,East Asian
864,n000084,East Asian
865,n000084,East Asian
866,n000084,East Asian
867,n000084,East Asian
868,n000084,East Asian
869,n000084,East Asian
870,n000084,East Asian
871,n000084,East Asian
872,n000084,East Asian
873,n000084,East Asian
874,n000084,East Asian
875,n000084,East Asian
876,n000084,East Asian
877,n000084,East Asian
878,n000084,East Asian
879,n000084,East Asian
880,n000084,East Asian
881,n000084,East Asian
882,n000084,East Asian
883,n000084,East Asian
884,n000084,East Asian
885,n000084,East Asian
886,n000084,East Asian
887,n000084,East Asian
888,n000084,East Asian
889,n000084,East Asian
890,n000084,East Asian
891,n000084,East Asian
892,n000084,East Asian
893,n000084,East Asian
894,n000084,East Asian
895,n000084,East Asian
896,n000084,East Asian
897,n000084,East Asian
898,n000084,East Asian
899,n000084,East Asian
900,n000007,East Asian
901,n000007,East Asian
902,n000007,East Asian
903,n000007,East Asian
904,n000007,East Asian
905,n000007,East Asian
906,n000007,East Asian
907,n000007,East Asian
908,n000007,East Asian
909,n000007,East Asian
910,n000007,East Asian
911,n000007,East Asian
912,n000007,East Asian
913,n000007,East Asian
914,n000007,East Asian
915,n000007,East Asian
916,n000007,East Asian
917,n000007,East Asian
918,n000007,East Asian
919,n000007,East Asian
920,n000007,East Asian
921,n000007,East Asian
922,n000007,East Asian
923,n000007,East Asian
924,n000007,East Asian
925,n000007,East Asian
926,n000007,East Asian
927,n000007,East Asian
928,n000007,East Asian
929,n000007,East Asian
930,n000007,East Asian
931,n000007,East Asian
932,n000007,East Asian
933,n000007,East Asian
934,n000007,East Asian
935,n000007,East Asian
936,n000007,East Asian
937,n000007,East Asian
938,n000007,East Asian
939,n000007,East Asian
940,n000007,East Asian
941,n000007,East Asian
942,n000007,East Asian
943,n000007,East Asian
944,n000007,East Asian
945,n000007,East Asian
946,n000007,East Asian
947,n000007,East Asian
948,n000007,East Asian
949,n000007,East Asian
950,n000033,East Asian
951,n000033,East Asian
952,n000033,East Asian
953,n000033,East Asian
954,n000033,East Asian
955,n000033,East Asian
956,n000033,East Asian
957,n000033,East Asian
958,n000033,East Asian
959,n000033,East Asian
960,n000033,East Asian
961,n000033,East Asian
962,n000033,East Asian
963,n000033,East Asian
964,n000033,East Asian
965,n000033,East Asian
966,n000033,East Asian
967,n000033,East Asian
968,n000033,East Asian
969,n000033,East Asian
970,n000033,East Asian
971,n000033,East Asian
972,n000033,East Asian
973,n000033,East Asian
974,n000033,East Asian
975,n000033,East Asian
976,n000033,East Asian
977,n000033,East Asian
978,n000033,East Asian
979,n000033,East Asian
980,n000033,East Asian
981,n000033,East Asian
982,n000033,East Asian
983,n000033,East Asian
984,n000033,East Asian
985,n000033,East Asian
986,n000033,East Asian
987,n000033,East Asian
988,n000033,East Asian
989,n000033,East Asian
990,n000033,East Asian
991,n000033,East Asian
992,n000033,East Asian
993,n000033,East Asian
994,n000033,East Asian
995,n000033,East Asian
996,n000033,East Asian
997,n000033,East Asian
998,n000033,East Asian
999,n000033,East Asian
1000,n000006,East Asian
1001,n000006,East Asian
1002,n000006,East Asian
1003,n000006,East Asian
1004,n000006,East Asian
1005,n000006,East Asian
1006,n000006,East Asian
1007,n000006,East Asian
1008,n000006,East Asian
1009,n000006,East Asian
1010,n000006,East Asian
1011,n000006,East Asian
1012,n000006,East Asian
1013,n000006,East Asian
1014,n000006,East Asian
1015,n000006,East Asian
1016,n000006,East Asian
1017,n000006,East Asian
1018,n000006,East Asian
1019,n000006,East Asian
1020,n000006,East Asian
1021,n000006,East Asian
1022,n000006,East Asian
1023,n000006,East Asian
1024,n000006,East Asian
1025,n000006,East Asian
1026,n000006,East Asian
1027,n000006,East Asian
1028,n000006,East Asian
1029,n000006,East Asian
1030,n000006,East Asian
1031,n000006,East Asian
1032,n000006,East Asian
1033,n000006,East Asian
1034,n000006,East Asian
1035,n000006,East Asian
1036,n000006,East Asian
1037,n000006,East Asian
1038,n000006,East Asian
1039,n000006,East Asian
1040,n000006,East Asian
1041,n000006,East Asian
1042,n000006,East Asian
1043,n000006,East Asian
1044,n000006,East Asian
1045,n000006,East Asian
1046,n000006,East Asian
1047,n000006,East Asian
1048,n000006,East Asian
1049,n000006,East Asian
1050,n000077,East Asian
1051,n000077,East Asian
1052,n000077,East Asian
1053,n000077,East Asian
1054,n000077,East Asian
1055,n000077,East Asian
1056,n000077,East Asian
1057,n000077,East Asian
1058,n000077,East Asian
1059,n000077,East Asian
1060,n000077,East Asian
1061,n000077,East Asian
1062,n000077,East Asian
1063,n000077,East Asian
1064,n000077,East Asian
1065,n000077,East Asian
1066,n000077,East Asian
1067,n000077,East Asian
1068,n000077,East Asian
1069,n000077,East Asian
1070,n000077,East Asian
1071,n000077,East Asian
1072,n000077,East Asian
1073,n000077,East Asian
1074,n000077,East Asian
1075,n000077,East Asian
1076,n000077,East Asian
1077,n000077,East Asian
1078,n000077,East Asian
1079,n000077,East Asian
1080,n000077,East Asian
1081,n000077,East Asian
1082,n000077,East Asian
1083,n000077,East Asian
1084,n000077,East Asian
1085,n000077,East Asian
1086,n000077,East Asian
1087,n000077,East Asian
1088,n000077,East Asian
1089,n000077,East Asian
1090,n000077,East Asian
1091,n000077,East Asian
1092,n000077,East Asian
1093,n000077,East Asian
1094,n000077,East Asian
1095,n000077,East Asian
1096,n000077,East Asian
1097,n000077,East Asian
1098,n000077,East Asian
1099,n000077,East Asian
1100,n000027,East Asian
1101,n000027,East Asian
1102,n000027,East Asian
1103,n000027,East Asian
1104,n000027,East Asian
1105,n000027,East Asian
1106,n000027,East Asian
1107,n000027,East Asian
1108,n000027,East Asian
1109,n000027,East Asian
1110,n000027,East Asian
1111,n000027,East Asian
1112,n000027,East Asian
1113,n000027,East Asian
1114,n000027,East Asian
1115,n000027,East Asian
1116,n000027,East Asian
1117,n000027,East Asian
1118,n000027,East Asian
1119,n000027,East Asian
1120,n000027,East Asian
1121,n000027,East Asian
1122,n000027,East Asian
1123,n000027,East Asian
1124,n000027,East Asian
1125,n000027,East Asian
1126,n000027,East Asian
1127,n000027,East Asian
1128,n000027,East Asian
1129,n000027,East Asian
1130,n000027,East Asian
1131,n000027,East Asian
1132,n000027,East Asian
1133,n000027,East Asian
1134,n000027,East Asian
1135,n000027,East Asian
1136,n000027,East Asian
1137,n000027,East Asian
1138,n000027,East Asian
1139,n000027,East Asian
1140,n000027,East Asian
1141,n000027,East Asian
1142,n000027,East Asian
1143,n000027,East Asian
1144,n000027,East Asian
1145,n000027,East Asian
1146,n000027,East Asian
1147,n000027,East Asian
1148,n000027,East Asian
1149,n000027,East Asian
1150,n000069,East Asian
1151,n000069,East Asian
1152,n000069,East Asian
1153,n000069,East Asian
1154,n000069,East Asian
1155,n000069,East Asian
1156,n000069,East Asian
1157,n000069,East Asian
1158,n000069,East Asian
1159,n000069,East Asian
1160,n000069,East Asian
1161,n000069,East Asian
1162,n000069,East Asian
1163,n000069,East Asian
1164,n000069,East Asian
1165,n000069,East Asian
1166,n000069,East Asian
1167,n000069,East Asian
1168,n000069,East Asian
1169,n000069,East Asian
1170,n000069,East Asian
1171,n000069,East Asian
1172,n000069,East Asian
1173,n000069,East Asian
1174,n000069,East Asian
1175,n000069,East Asian
1176,n000069,East Asian
1177,n000069,East Asian
1178,n000069,East Asian
1179,n000069,East Asian
1180,n000069,East Asian
1181,n000069,East Asian
1182,n000069,East Asian
1183,n000069,East Asian
1184,n000069,East Asian
1185,n000069,East Asian
1186,n000069,East Asian
1187,n000069,East Asian
1188,n000069,East Asian
1189,n000069,East Asian
1190,n000069,East Asian
1191,n000069,East Asian
1192,n000069,East Asian
1193,n000069,East Asian
1194,n000069,East Asian
1195,n000069,East Asian
1196,n000069,East Asian
1197,n000069,East Asian
1198,n000069,East Asian
1199,n000069,East Asian
1200,n000032,East Asian
1201,n000032,East Asian
1202,n000032,East Asian
1203,n000032,East Asian
1204,n000032,East Asian
1205,n000032,East Asian
1206,n000032,East Asian
1207,n000032,East Asian
1208,n000032,East Asian
1209,n000032,East Asian
1210,n000032,East Asian
1211,n000032,East Asian
1212,n000032,East Asian
1213,n000032,East Asian
1214,n000032,East Asian
1215,n000032,East Asian
1216,n000032,East Asian
1217,n000032,East Asian
1218,n000032,East Asian
1219,n000032,East Asian
1220,n000032,East Asian
1221,n000032,East Asian
1222,n000032,East Asian
1223,n000032,East Asian
1224,n000032,East Asian
1225,n000032,East Asian
1226,n000032,East Asian
1227,n000032,East Asian
1228,n000032,East Asian
1229,n000032,East Asian
1230,n000032,East Asian
1231,n000032,East Asian
1232,n000032,East Asian
1233,n000032,East Asian
1234,n000032,East Asian
1235,n000032,East Asian
1236,n000032,East Asian
1237,n000032,East Asian
1238,n000032,East Asian
1239,n000032,East Asian
1240,n000032,East Asian
1241,n000032,East Asian
1242,n000032,East Asian
1243,n000032,East Asian
1244,n000032,East Asian
1245,n000032,East Asian
1246,n000032,East Asian
1247,n000032,East Asian
1248,n000032,East Asian
1249,n000032,East Asian
1250,n000081,East Asian
1251,n000081,East Asian
1252,n000081,East Asian
1253,n000081,East Asian
1254,n000081,East Asian
1255,n000081,East Asian
1256,n000081,East Asian
1257,n000081,East Asian
1258,n000081,East Asian
1259,n000081,East Asian
1260,n000081,East Asian
1261,n000081,East Asian
1262,n000081,East Asian
1263,n000081,East Asian
1264,n000081,East Asian
1265,n000081,East Asian
1266,n000081,East Asian
1267,n000081,East Asian
1268,n000081,East Asian
1269,n000081,East Asian
1270,n000081,East Asian
1271,n000081,East Asian
1272,n000081,East Asian
1273,n000081,East Asian
1274,n000081,East Asian
1275,n000081,East Asian
1276,n000081,East Asian
1277,n000081,East Asian
1278,n000081,East Asian
1279,n000081,East Asian
1280,n000081,East Asian
1281,n000081,East Asian
1282,n000081,East Asian
1283,n000081,East Asian
1284,n000081,East Asian
1285,n000081,East Asian
1286,n000081,East Asian
1287,n000081,East Asian
1288,n000081,East Asian
1289,n000081,East Asian
1290,n000081,East Asian
1291,n000081,East Asian
1292,n000081,East Asian
1293,n000081,East Asian
1294,n000081,East Asian
1295,n000081,East Asian
1296,n000081,East Asian
1297,n000081,East Asian
1298,n000081,East Asian
1299,n000081,East Asian
1300,n000080,East Asian
1301,n000080,East Asian
1302,n000080,East Asian
1303,n000080,East Asian
1304,n000080,East Asian
1305,n000080,East Asian
1306,n000080,East Asian
1307,n000080,East Asian
1308,n000080,East Asian
1309,n000080,East Asian
1310,n000080,East Asian
1311,n000080,East Asian
1312,n000080,East Asian
1313,n000080,East Asian
1314,n000080,East Asian
1315,n000080,East Asian
1316,n000080,East Asian
1317,n000080,East Asian
1318,n000080,East Asian
1319,n000080,East Asian
1320,n000080,East Asian
1321,n000080,East Asian
1322,n000080,East Asian
1323,n000080,East Asian
1324,n000080,East Asian
1325,n000080,East Asian
1326,n000080,East Asian
1327,n000080,East Asian
1328,n000080,East Asian
1329,n000080,East Asian
1330,n000080,East Asian
1331,n000080,East Asian
1332,n000080,East Asian
1333,n000080,East Asian
1334,n000080,East Asian
1335,n000080,East Asian
1336,n000080,East Asian
1337,n000080,East Asian
1338,n000080,East Asian
1339,n000080,East Asian
1340,n000080,East Asian
1341,n000080,East Asian
1342,n000080,East Asian
1343,n000080,East Asian
1344,n000080,East Asian
1345,n000080,East Asian
1346,n000080,East Asian
1347,n000080,East Asian
1348,n000080,East Asian
1349,n000080,East Asian
1350,n000010,East Asian
1351,n000010,East Asian
1352,n000010,East Asian
1353,n000010,East Asian
1354,n000010,East Asian
1355,n000010,East Asian
1356,n000010,East Asian
1357,n000010,East Asian
1358,n000010,East Asian
1359,n000010,East Asian
1360,n000010,East Asian
1361,n000010,East Asian
1362,n000010,East Asian
1363,n000010,East Asian
1364,n000010,East Asian
1365,n000010,East Asian
1366,n000010,East Asian
1367,n000010,East Asian
1368,n000010,East Asian
1369,n000010,East Asian
1370,n000010,East Asian
1371,n000010,East Asian
1372,n000010,East Asian
1373,n000010,East Asian
1374,n000010,East Asian
1375,n000010,East Asian
1376,n000010,East Asian
1377,n000010,East Asian
1378,n000010,East Asian
1379,n000010,East Asian
1380,n000010,East Asian
1381,n000010,East Asian
1382,n000010,East Asian
1383,n000010,East Asian
1384,n000010,East Asian
1385,n000010,East Asian
1386,n000010,East Asian
1387,n000010,East Asian
1388,n000010,East Asian
1389,n000010,East Asian
1390,n000010,East Asian
1391,n000010,East Asian
1392,n000010,East Asian
1393,n000010,East Asian
1394,n000010,East Asian
1395,n000010,East Asian
1396,n000010,East Asian
1397,n000010,East Asian
1398,n000010,East Asian
1399,n000010,East Asian
1400,n000011,East Asian
1401,n000011,East Asian
1402,n000011,East Asian
1403,n000011,East Asian
1404,n000011,East Asian
1405,n000011,East Asian
1406,n000011,East Asian
1407,n000011,East Asian
1408,n000011,East Asian
1409,n000011,East Asian
1410,n000011,East Asian
1411,n000011,East Asian
1412,n000011,East Asian
1413,n000011,East Asian
1414,n000011,East Asian
1415,n000011,East Asian
1416,n000011,East Asian
1417,n000011,East Asian
1418,n000011,East Asian
1419,n000011,East Asian
1420,n000011,East Asian
1421,n000011,East Asian
1422,n000011,East Asian
1423,n000011,East Asian
1424,n000011,East Asian
1425,n000011,East Asian
1426,n000011,East Asian
1427,n000011,East Asian
1428,n000011,East Asian
1429,n000011,East Asian
1430,n000011,East Asian
1431,n000011,East Asian
1432,n000011,East Asian
1433,n000011,East Asian
1434,n000011,East Asian
1435,n000011,East Asian
1436,n000011,East Asian
1437,n000011,East Asian
1438,n000011,East Asian
1439,n000011,East Asian
1440,n000011,East Asian
1441,n000011,East Asian
1442,n000011,East Asian
1443,n000011,East Asian
1444,n000011,East Asian
1445,n000011,East Asian
1446,n000011,East Asian
1447,n000011,East Asian
1448,n000011,East Asian
1449,n000011,East Asian
1450,n000043,East Asian
1451,n000043,East Asian
1452,n000043,East Asian
1453,n000043,East Asian
1454,n000043,East Asian
1455,n000043,East Asian
1456,n000043,East Asian
1457,n000043,East Asian
1458,n000043,East Asian
1459,n000043,East Asian
1460,n000043,East Asian
1461,n000043,East Asian
1462,n000043,East Asian
1463,n000043,East Asian
1464,n000043,East Asian
1465,n000043,East Asian
1466,n000043,East Asian
1467,n000043,East Asian
1468,n000043,East Asian
1469,n000043,East Asian
1470,n000043,East Asian
1471,n000043,East Asian
1472,n000043,East Asian
1473,n000043,East Asian
1474,n000043,East Asian
1475,n000043,East Asian
1476,n000043,East Asian
1477,n000043,East Asian
1478,n000043,East Asian
1479,n000043,East Asian
1480,n000043,East Asian
1481,n000043,East Asian
1482,n000043,East Asian
1483,n000043,East Asian
1484,n000043,East Asian
1485,n000043,East Asian
1486,n000043,East Asian
1487,n000043,East Asian
1488,n000043,East Asian
1489,n000043,East Asian
1490,n000043,East Asian
1491,n000043,East Asian
1492,n000043,East Asian
1493,n000043,East Asian
1494,n000043,East Asian
1495,n000043,East Asian
1496,n000043,East Asian
1497,n000043,East Asian
1498,n000043,East Asian
1499,n000043,East Asian
1500,n000028,East Asian
1501,n000028,East Asian
1502,n000028,East Asian
1503,n000028,East Asian
1504,n000028,East Asian
1505,n000028,East Asian
1506,n000028,East Asian
1507,n000028,East Asian
1508,n000028,East Asian
1509,n000028,East Asian
1510,n000028,East Asian
1511,n000028,East Asian
1512,n000028,East Asian
1513,n000028,East Asian
1514,n000028,East Asian
1515,n000028,East Asian
1516,n000028,East Asian
1517,n000028,East Asian
1518,n000028,East Asian
1519,n000028,East Asian
1520,n000028,East Asian
1521,n000028,East Asian
1522,n000028,East Asian
1523,n000028,East Asian
1524,n000028,East Asian
1525,n000028,East Asian
1526,n000028,East Asian
1527,n000028,East Asian
1528,n000028,East Asian
1529,n000028,East Asian
1530,n000028,East Asian
1531,n000028,East Asian
1532,n000028,East Asian
1533,n000028,East Asian
1534,n000028,East Asian
1535,n000028,East Asian
1536,n000028,East Asian
1537,n000028,East Asian
1538,n000028,East Asian
1539,n000028,East Asian
1540,n000028,East Asian
1541,n000028,East Asian
1542,n000028,East Asian
1543,n000028,East Asian
1544,n000028,East Asian
1545,n000028,East Asian
1546,n000028,East Asian
1547,n000028,East Asian
1548,n000028,East Asian
1549,n000028,East Asian
1550,n000083,East Asian
1551,n000083,East Asian
1552,n000083,East Asian
1553,n000083,East Asian
1554,n000083,East Asian
1555,n000083,East Asian
1556,n000083,East Asian
1557,n000083,East Asian
1558,n000083,East Asian
1559,n000083,East Asian
1560,n000083,East Asian
1561,n000083,East Asian
1562,n000083,East Asian
1563,n000083,East Asian
1564,n000083,East Asian
1565,n000083,East Asian
1566,n000083,East Asian
1567,n000083,East Asian
1568,n000083,East Asian
1569,n000083,East Asian
1570,n000083,East Asian
1571,n000083,East Asian
1572,n000083,East Asian
1573,n000083,East Asian
1574,n000083,East Asian
1575,n000083,East Asian
1576,n000083,East Asian
1577,n000083,East Asian
1578,n000083,East Asian
1579,n000083,East Asian
1580,n000083,East Asian
1581,n000083,East Asian
1582,n000083,East Asian
1583,n000083,East Asian
1584,n000083,East Asian
1585,n000083,East Asian
1586,n000083,East Asian
1587,n000083,East Asian
1588,n000083,East Asian
1589,n000083,East Asian
1590,n000083,East Asian
1591,n000083,East Asian
1592,n000083,East Asian
1593,n000083,East Asian
1594,n000083,East Asian
1595,n000083,East Asian
1596,n000083,East Asian
1597,n000083,East Asian
1598,n000083,East Asian
1599,n000083,East Asian
1600,n000117,Asian Indian
1601,n000117,Asian Indian
1602,n000117,Asian Indian
1603,n000117,Asian Indian
1604,n000117,Asian Indian
1605,n000117,Asian Indian
1606,n000117,Asian Indian
1607,n000117,Asian Indian
1608,n000117,Asian Indian
1609,n000117,Asian Indian
1610,n000117,Asian Indian
1611,n000117,Asian Indian
1612,n000117,Asian Indian
1613,n000117,Asian Indian
1614,n000117,Asian Indian
1615,n000117,Asian Indian
1616,n000117,Asian Indian
1617,n000117,Asian Indian
1618,n000117,Asian Indian
1619,n000117,Asian Indian
1620,n000117,Asian Indian
1621,n000117,Asian Indian
1622,n000117,Asian Indian
1623,n000117,Asian Indian
1624,n000117,Asian Indian
1625,n000117,Asian Indian
1626,n000117,Asian Indian
1627,n000117,Asian Indian
1628,n000117,Asian Indian
1629,n000117,Asian Indian
1630,n000117,Asian Indian
1631,n000117,Asian Indian
1632,n000117,Asian Indian
1633,n000117,Asian Indian
1634,n000117,Asian Indian
1635,n000117,Asian Indian
1636,n000117,Asian Indian
1637,n000117,Asian Indian
1638,n000117,Asian Indian
1639,n000117,Asian Indian
1640,n000117,Asian Indian
1641,n000117,Asian Indian
1642,n000117,Asian Indian
1643,n000117,Asian Indian
1644,n000117,Asian Indian
1645,n000117,Asian Indian
1646,n000117,Asian Indian
1647,n000117,Asian Indian
1648,n000117,Asian Indian
1649,n000117,Asian Indian
1650,n000136,Asian Indian
1651,n000136,Asian Indian
1652,n000136,Asian Indian
1653,n000136,Asian Indian
1654,n000136,Asian Indian
1655,n000136,Asian Indian
1656,n000136,Asian Indian
1657,n000136,Asian Indian
1658,n000136,Asian Indian
1659,n000136,Asian Indian
1660,n000136,Asian Indian
1661,n000136,Asian Indian
1662,n000136,Asian Indian
1663,n000136,Asian Indian
1664,n000136,Asian Indian
1665,n000136,Asian Indian
1666,n000136,Asian Indian
1667,n000136,Asian Indian
1668,n000136,Asian Indian
1669,n000136,Asian Indian
1670,n000136,Asian Indian
1671,n000136,Asian Indian
1672,n000136,Asian Indian
1673,n000136,Asian Indian
1674,n000136,Asian Indian
1675,n000136,Asian Indian
1676,n000136,Asian Indian
1677,n000136,Asian Indian
1678,n000136,Asian Indian
1679,n000136,Asian Indian
1680,n000136,Asian Indian
1681,n000136,Asian Indian
1682,n000136,Asian Indian
1683,n000136,Asian Indian
1684,n000136,Asian Indian
1685,n000136,Asian Indian
1686,n000136,Asian Indian
1687,n000136,Asian Indian
1688,n000136,Asian Indian
1689,n000136,Asian Indian
1690,n000136,Asian Indian
1691,n000136,Asian Indian
1692,n000136,Asian Indian
1693,n000136,Asian Indian
1694,n000136,Asian Indian
1695,n000136,Asian Indian
1696,n000136,Asian Indian
1697,n000136,Asian Indian
1698,n000136,Asian Indian
1699,n000136,Asian Indian
1700,n000039,Asian Indian
1701,n000039,Asian Indian
1702,n000039,Asian Indian
1703,n000039,Asian Indian
1704,n000039,Asian Indian
1705,n000039,Asian Indian
1706,n000039,Asian Indian
1707,n000039,Asian Indian
1708,n000039,Asian Indian
1709,n000039,Asian Indian
1710,n000039,Asian Indian
1711,n000039,Asian Indian
1712,n000039,Asian Indian
1713,n000039,Asian Indian
1714,n000039,Asian Indian
1715,n000039,Asian Indian
1716,n000039,Asian Indian
1717,n000039,Asian Indian
1718,n000039,Asian Indian
1719,n000039,Asian Indian
1720,n000039,Asian Indian
1721,n000039,Asian Indian
1722,n000039,Asian Indian
1723,n000039,Asian Indian
1724,n000039,Asian Indian
1725,n000039,Asian Indian
1726,n000039,Asian Indian
1727,n000039,Asian Indian
1728,n000039,Asian Indian
1729,n000039,Asian Indian
1730,n000039,Asian Indian
1731,n000039,Asian Indian
1732,n000039,Asian Indian
1733,n000039,Asian Indian
1734,n000039,Asian Indian
1735,n000039,Asian Indian
1736,n000039,Asian Indian
1737,n000039,Asian Indian
1738,n000039,Asian Indian
1739,n000039,Asian Indian
1740,n000039,Asian Indian
1741,n000039,Asian Indian
1742,n000039,Asian Indian
1743,n000039,Asian Indian
1744,n000039,Asian Indian
1745,n000039,Asian Indian
1746,n000039,Asian Indian
1747,n000039,Asian Indian
1748,n000039,Asian Indian
1749,n000039,Asian Indian
1750,n000137,Asian Indian
1751,n000137,Asian Indian
1752,n000137,Asian Indian
1753,n000137,Asian Indian
1754,n000137,Asian Indian
1755,n000137,Asian Indian
1756,n000137,Asian Indian
1757,n000137,Asian Indian
1758,n000137,Asian Indian
1759,n000137,Asian Indian
1760,n000137,Asian Indian
1761,n000137,Asian Indian
1762,n000137,Asian Indian
1763,n000137,Asian Indian
1764,n000137,Asian Indian
1765,n000137,Asian Indian
1766,n000137,Asian Indian
1767,n000137,Asian Indian
1768,n000137,Asian Indian
1769,n000137,Asian Indian
1770,n000137,Asian Indian
1771,n000137,Asian Indian
1772,n000137,Asian Indian
1773,n000137,Asian Indian
1774,n000137,Asian Indian
1775,n000137,Asian Indian
1776,n000137,Asian Indian
1777,n000137,Asian Indian
1778,n000137,Asian Indian
1779,n000137,Asian Indian
1780,n000137,Asian Indian
1781,n000137,Asian Indian
1782,n000137,Asian Indian
1783,n000137,Asian Indian
1784,n000137,Asian Indian
1785,n000137,Asian Indian
1786,n000137,Asian Indian
1787,n000137,Asian Indian
1788,n000137,Asian Indian
1789,n000137,Asian Indian
1790,n000137,Asian Indian
1791,n000137,Asian Indian
1792,n000137,Asian Indian
1793,n000137,Asian Indian
1794,n000137,Asian Indian
1795,n000137,Asian Indian
1796,n000137,Asian Indian
1797,n000137,Asian Indian
1798,n000137,Asian Indian
1799,n000137,Asian Indian
1800,n000134,Asian Indian
1801,n000134,Asian Indian
1802,n000134,Asian Indian
1803,n000134,Asian Indian
1804,n000134,Asian Indian
1805,n000134,Asian Indian
1806,n000134,Asian Indian
1807,n000134,Asian Indian
1808,n000134,Asian Indian
1809,n000134,Asian Indian
1810,n000134,Asian Indian
1811,n000134,Asian Indian
1812,n000134,Asian Indian
1813,n000134,Asian Indian
1814,n000134,Asian Indian
1815,n000134,Asian Indian
1816,n000134,Asian Indian
1817,n000134,Asian Indian
1818,n000134,Asian Indian
1819,n000134,Asian Indian
1820,n000134,Asian Indian
1821,n000134,Asian Indian
1822,n000134,Asian Indian
1823,n000134,Asian Indian
1824,n000134,Asian Indian
1825,n000134,Asian Indian
1826,n000134,Asian Indian
1827,n000134,Asian Indian
1828,n000134,Asian Indian
1829,n000134,Asian Indian
1830,n000134,Asian Indian
1831,n000134,Asian Indian
1832,n000134,Asian Indian
1833,n000134,Asian Indian
1834,n000134,Asian Indian
1835,n000134,Asian Indian
1836,n000134,Asian Indian
1837,n000134,Asian Indian
1838,n000134,Asian Indian
1839,n000134,Asian Indian
1840,n000134,Asian Indian
1841,n000134,Asian Indian
1842,n000134,Asian Indian
1843,n000134,Asian Indian
1844,n000134,Asian Indian
1845,n000134,Asian Indian
1846,n000134,Asian Indian
1847,n000134,Asian Indian
1848,n000134,Asian Indian
1849,n000134,Asian Indian
1850,n000139,Asian Indian
1851,n000139,Asian Indian
1852,n000139,Asian Indian
1853,n000139,Asian Indian
1854,n000139,Asian Indian
1855,n000139,Asian Indian
1856,n000139,Asian Indian
1857,n000139,Asian Indian
1858,n000139,Asian Indian
1859,n000139,Asian Indian
1860,n000139,Asian Indian
1861,n000139,Asian Indian
1862,n000139,Asian Indian
1863,n000139,Asian Indian
1864,n000139,Asian Indian
1865,n000139,Asian Indian
1866,n000139,Asian Indian
1867,n000139,Asian Indian
1868,n000139,Asian Indian
1869,n000139,Asian Indian
1870,n000139,Asian Indian
1871,n000139,Asian Indian
1872,n000139,Asian Indian
1873,n000139,Asian Indian
1874,n000139,Asian Indian
1875,n000139,Asian Indian
1876,n000139,Asian Indian
1877,n000139,Asian Indian
1878,n000139,Asian Indian
1879,n000139,Asian Indian
1880,n000139,Asian Indian
1881,n000139,Asian Indian
1882,n000139,Asian Indian
1883,n000139,Asian Indian
1884,n000139,Asian Indian
1885,n000139,Asian Indian
1886,n000139,Asian Indian
1887,n000139,Asian Indian
1888,n000139,Asian Indian
1889,n000139,Asian Indian
1890,n000139,Asian Indian
1891,n000139,Asian Indian
1892,n000139,Asian Indian
1893,n000139,Asian Indian
1894,n000139,Asian Indian
1895,n000139,Asian Indian
1896,n000139,Asian Indian
1897,n000139,Asian Indian
1898,n000139,Asian Indian
1899,n000139,Asian Indian
1900,n000135,Asian Indian
1901,n000135,Asian Indian
1902,n000135,Asian Indian
1903,n000135,Asian Indian
1904,n000135,Asian Indian
1905,n000135,Asian Indian
1906,n000135,Asian Indian
1907,n000135,Asian Indian
1908,n000135,Asian Indian
1909,n000135,Asian Indian
1910,n000135,Asian Indian
1911,n000135,Asian Indian
1912,n000135,Asian Indian
1913,n000135,Asian Indian
1914,n000135,Asian Indian
1915,n000135,Asian Indian
1916,n000135,Asian Indian
1917,n000135,Asian Indian
1918,n000135,Asian Indian
1919,n000135,Asian Indian
1920,n000135,Asian Indian
1921,n000135,Asian Indian
1922,n000135,Asian Indian
1923,n000135,Asian Indian
1924,n000135,Asian Indian
1925,n000135,Asian Indian
1926,n000135,Asian Indian
1927,n000135,Asian Indian
1928,n000135,Asian Indian
1929,n000135,Asian Indian
1930,n000135,Asian Indian
1931,n000135,Asian Indian
1932,n000135,Asian Indian
1933,n000135,Asian Indian
1934,n000135,Asian Indian
1935,n000135,Asian Indian
1936,n000135,Asian Indian
1937,n000135,Asian Indian
1938,n000135,Asian Indian
1939,n000135,Asian Indian
1940,n000135,Asian Indian
1941,n000135,Asian Indian
1942,n000135,Asian Indian
1943,n000135,Asian Indian
1944,n000135,Asian Indian
1945,n000135,Asian Indian
1946,n000135,Asian Indian
1947,n000135,Asian Indian
1948,n000135,Asian Indian
1949,n000135,Asian Indian
1950,n000132,Asian Indian
1951,n000132,Asian Indian
1952,n000132,Asian Indian
1953,n000132,Asian Indian
1954,n000132,Asian Indian
1955,n000132,Asian Indian
1956,n000132,Asian Indian
1957,n000132,Asian Indian
1958,n000132,Asian Indian
1959,n000132,Asian Indian
1960,n000132,Asian Indian
1961,n000132,Asian Indian
1962,n000132,Asian Indian
1963,n000132,Asian Indian
1964,n000132,Asian Indian
1965,n000132,Asian Indian
1966,n000132,Asian Indian
1967,n000132,Asian Indian
1968,n000132,Asian Indian
1969,n000132,Asian Indian
1970,n000132,Asian Indian
1971,n000132,Asian Indian
1972,n000132,Asian Indian
1973,n000132,Asian Indian
1974,n000132,Asian Indian
1975,n000132,Asian Indian
1976,n000132,Asian Indian
1977,n000132,Asian Indian
1978,n000132,Asian Indian
1979,n000132,Asian Indian
1980,n000132,Asian Indian
1981,n000132,Asian Indian
1982,n000132,Asian Indian
1983,n000132,Asian Indian
1984,n000132,Asian Indian
1985,n000132,Asian Indian
1986,n000132,Asian Indian
1987,n000132,Asian Indian
1988,n000132,Asian Indian
1989,n000132,Asian Indian
1990,n000132,Asian Indian
1991,n000132,Asian Indian
1992,n000132,Asian Indian
1993,n000132,Asian Indian
1994,n000132,Asian Indian
1995,n000132,Asian Indian
1996,n000132,Asian Indian
1997,n000132,Asian Indian
1998,n000132,Asian Indian
1999,n000132,Asian Indian
2000,n000116,Asian Indian
2001,n000116,Asian Indian
2002,n000116,Asian Indian
2003,n000116,Asian Indian
2004,n000116,Asian Indian
2005,n000116,Asian Indian
2006,n000116,Asian Indian
2007,n000116,Asian Indian
2008,n000116,Asian Indian
2009,n000116,Asian Indian
2010,n000116,Asian Indian
2011,n000116,Asian Indian
2012,n000116,Asian Indian
2013,n000116,Asian Indian
2014,n000116,Asian Indian
2015,n000116,Asian Indian
2016,n000116,Asian Indian
2017,n000116,Asian Indian
2018,n000116,Asian Indian
2019,n000116,Asian Indian
2020,n000116,Asian Indian
2021,n000116,Asian Indian
2022,n000116,Asian Indian
2023,n000116,Asian Indian
2024,n000116,Asian Indian
2025,n000116,Asian Indian
2026,n000116,Asian Indian
2027,n000116,Asian Indian
2028,n000116,Asian Indian
2029,n000116,Asian Indian
2030,n000116,Asian Indian
2031,n000116,Asian Indian
2032,n000116,Asian Indian
2033,n000116,Asian Indian
2034,n000116,Asian Indian
2035,n000116,Asian Indian
2036,n000116,Asian Indian
2037,n000116,Asian Indian
2038,n000116,Asian Indian
2039,n000116,Asian Indian
2040,n000116,Asian Indian
2041,n000116,Asian Indian
2042,n000116,Asian Indian
2043,n000116,Asian Indian
2044,n000116,Asian Indian
2045,n000116,Asian Indian
2046,n000116,Asian Indian
2047,n000116,Asian Indian
2048,n000116,Asian Indian
2049,n000116,Asian Indian
2050,n000143,Asian Indian
2051,n000143,Asian Indian
2052,n000143,Asian Indian
2053,n000143,Asian Indian
2054,n000143,Asian Indian
2055,n000143,Asian Indian
2056,n000143,Asian Indian
2057,n000143,Asian Indian
2058,n000143,Asian Indian
2059,n000143,Asian Indian
2060,n000143,Asian Indian
2061,n000143,Asian Indian
2062,n000143,Asian Indian
2063,n000143,Asian Indian
2064,n000143,Asian Indian
2065,n000143,Asian Indian
2066,n000143,Asian Indian
2067,n000143,Asian Indian
2068,n000143,Asian Indian
2069,n000143,Asian Indian
2070,n000143,Asian Indian
2071,n000143,Asian Indian
2072,n000143,Asian Indian
2073,n000143,Asian Indian
2074,n000143,Asian Indian
2075,n000143,Asian Indian
2076,n000143,Asian Indian
2077,n000143,Asian Indian
2078,n000143,Asian Indian
2079,n000143,Asian Indian
2080,n000143,Asian Indian
2081,n000143,Asian Indian
2082,n000143,Asian Indian
2083,n000143,Asian Indian
2084,n000143,Asian Indian
2085,n000143,Asian Indian
2086,n000143,Asian Indian
2087,n000143,Asian Indian
2088,n000143,Asian Indian
2089,n000143,Asian Indian
2090,n000143,Asian Indian
2091,n000143,Asian Indian
2092,n000143,Asian Indian
2093,n000143,Asian Indian
2094,n000143,Asian Indian
2095,n000143,Asian Indian
2096,n000143,Asian Indian
2097,n000143,Asian Indian
2098,n000143,Asian Indian
2099,n000143,Asian Indian
2100,n000138,Asian Indian
2101,n000138,Asian Indian
2102,n000138,Asian Indian
2103,n000138,Asian Indian
2104,n000138,Asian Indian
2105,n000138,Asian Indian
2106,n000138,Asian Indian
2107,n000138,Asian Indian
2108,n000138,Asian Indian
2109,n000138,Asian Indian
2110,n000138,Asian Indian
2111,n000138,Asian Indian
2112,n000138,Asian Indian
2113,n000138,Asian Indian
2114,n000138,Asian Indian
2115,n000138,Asian Indian
2116,n000138,Asian Indian
2117,n000138,Asian Indian
2118,n000138,Asian Indian
2119,n000138,Asian Indian
2120,n000138,Asian Indian
2121,n000138,Asian Indian
2122,n000138,Asian Indian
2123,n000138,Asian Indian
2124,n000138,Asian Indian
2125,n000138,Asian Indian
2126,n000138,Asian Indian
2127,n000138,Asian Indian
2128,n000138,Asian Indian
2129,n000138,Asian Indian
2130,n000138,Asian Indian
2131,n000138,Asian Indian
2132,n000138,Asian Indian
2133,n000138,Asian Indian
2134,n000138,Asian Indian
2135,n000138,Asian Indian
2136,n000138,Asian Indian
2137,n000138,Asian Indian
2138,n000138,Asian Indian
2139,n000138,Asian Indian
2140,n000138,Asian Indian
2141,n000138,Asian Indian
2142,n000138,Asian Indian
2143,n000138,Asian Indian
2144,n000138,Asian Indian
2145,n000138,Asian Indian
2146,n000138,Asian Indian
2147,n000138,Asian Indian
2148,n000138,Asian Indian
2149,n000138,Asian Indian
2150,n000115,Asian Indian
2151,n000115,Asian Indian
2152,n000115,Asian Indian
2153,n000115,Asian Indian
2154,n000115,Asian Indian
2155,n000115,Asian Indian
2156,n000115,Asian Indian
2157,n000115,Asian Indian
2158,n000115,Asian Indian
2159,n000115,Asian Indian
2160,n000115,Asian Indian
2161,n000115,Asian Indian
2162,n000115,Asian Indian
2163,n000115,Asian Indian
2164,n000115,Asian Indian
2165,n000115,Asian Indian
2166,n000115,Asian Indian
2167,n000115,Asian Indian
2168,n000115,Asian Indian
2169,n000115,Asian Indian
2170,n000115,Asian Indian
2171,n000115,Asian Indian
2172,n000115,Asian Indian
2173,n000115,Asian Indian
2174,n000115,Asian Indian
2175,n000115,Asian Indian
2176,n000115,Asian Indian
2177,n000115,Asian Indian
2178,n000115,Asian Indian
2179,n000115,Asian Indian
2180,n000115,Asian Indian
2181,n000115,Asian Indian
2182,n000115,Asian Indian
2183,n000115,Asian Indian
2184,n000115,Asian Indian
2185,n000115,Asian Indian
2186,n000115,Asian Indian
2187,n000115,Asian Indian
2188,n000115,Asian Indian
2189,n000115,Asian Indian
2190,n000115,Asian Indian
2191,n000115,Asian Indian
2192,n000115,Asian Indian
2193,n000115,Asian Indian
2194,n000115,Asian Indian
2195,n000115,Asian Indian
2196,n000115,Asian Indian
2197,n000115,Asian Indian
2198,n000115,Asian Indian
2199,n000115,Asian Indian
2200,n000036,Asian Indian
2201,n000036,Asian Indian
2202,n000036,Asian Indian
2203,n000036,Asian Indian
2204,n000036,Asian Indian
2205,n000036,Asian Indian
2206,n000036,Asian Indian
2207,n000036,Asian Indian
2208,n000036,Asian Indian
2209,n000036,Asian Indian
2210,n000036,Asian Indian
2211,n000036,Asian Indian
2212,n000036,Asian Indian
2213,n000036,Asian Indian
2214,n000036,Asian Indian
2215,n000036,Asian Indian
2216,n000036,Asian Indian
2217,n000036,Asian Indian
2218,n000036,Asian Indian
2219,n000036,Asian Indian
2220,n000036,Asian Indian
2221,n000036,Asian Indian
2222,n000036,Asian Indian
2223,n000036,Asian Indian
2224,n000036,Asian Indian
2225,n000036,Asian Indian
2226,n000036,Asian Indian
2227,n000036,Asian Indian
2228,n000036,Asian Indian
2229,n000036,Asian Indian
2230,n000036,Asian Indian
2231,n000036,Asian Indian
2232,n000036,Asian Indian
2233,n000036,Asian Indian
2234,n000036,Asian Indian
2235,n000036,Asian Indian
2236,n000036,Asian Indian
2237,n000036,Asian Indian
2238,n000036,Asian Indian
2239,n000036,Asian Indian
2240,n000036,Asian Indian
2241,n000036,Asian Indian
2242,n000036,Asian Indian
2243,n000036,Asian Indian
2244,n000036,Asian Indian
2245,n000036,Asian Indian
2246,n000036,Asian Indian
2247,n000036,Asian Indian
2248,n000036,Asian Indian
2249,n000036,Asian Indian
2250,n000056,Asian Indian
2251,n000056,Asian Indian
2252,n000056,Asian Indian
2253,n000056,Asian Indian
2254,n000056,Asian Indian
2255,n000056,Asian Indian
2256,n000056,Asian Indian
2257,n000056,Asian Indian
2258,n000056,Asian Indian
2259,n000056,Asian Indian
2260,n000056,Asian Indian
2261,n000056,Asian Indian
2262,n000056,Asian Indian
2263,n000056,Asian Indian
2264,n000056,Asian Indian
2265,n000056,Asian Indian
2266,n000056,Asian Indian
2267,n000056,Asian Indian
2268,n000056,Asian Indian
2269,n000056,Asian Indian
2270,n000056,Asian Indian
2271,n000056,Asian Indian
2272,n000056,Asian Indian
2273,n000056,Asian Indian
2274,n000056,Asian Indian
2275,n000056,Asian Indian
2276,n000056,Asian Indian
2277,n000056,Asian Indian
2278,n000056,Asian Indian
2279,n000056,Asian Indian
2280,n000056,Asian Indian
2281,n000056,Asian Indian
2282,n000056,Asian Indian
2283,n000056,Asian Indian
2284,n000056,Asian Indian
2285,n000056,Asian Indian
2286,n000056,Asian Indian
2287,n000056,Asian Indian
2288,n000056,Asian Indian
2289,n000056,Asian Indian
2290,n000056,Asian Indian
2291,n000056,Asian Indian
2292,n000056,Asian Indian
2293,n000056,Asian Indian
2294,n000056,Asian Indian
2295,n000056,Asian Indian
2296,n000056,Asian Indian
2297,n000056,Asian Indian
2298,n000056,Asian Indian
2299,n000056,Asian Indian
2300,n000126,Asian Indian
2301,n000126,Asian Indian
2302,n000126,Asian Indian
2303,n000126,Asian Indian
2304,n000126,Asian Indian
2305,n000126,Asian Indian
2306,n000126,Asian Indian
2307,n000126,Asian Indian
2308,n000126,Asian Indian
2309,n000126,Asian Indian
2310,n000126,Asian Indian
2311,n000126,Asian Indian
2312,n000126,Asian Indian
2313,n000126,Asian Indian
2314,n000126,Asian Indian
2315,n000126,Asian Indian
2316,n000126,Asian Indian
2317,n000126,Asian Indian
2318,n000126,Asian Indian
2319,n000126,Asian Indian
2320,n000126,Asian Indian
2321,n000126,Asian Indian
2322,n000126,Asian Indian
2323,n000126,Asian Indian
2324,n000126,Asian Indian
2325,n000126,Asian Indian
2326,n000126,Asian Indian
2327,n000126,Asian Indian
2328,n000126,Asian Indian
2329,n000126,Asian Indian
2330,n000126,Asian Indian
2331,n000126,Asian Indian
2332,n000126,Asian Indian
2333,n000126,Asian Indian
2334,n000126,Asian Indian
2335,n000126,Asian Indian
2336,n000126,Asian Indian
2337,n000126,Asian Indian
2338,n000126,Asian Indian
2339,n000126,Asian Indian
2340,n000126,Asian Indian
2341,n000126,Asian Indian
2342,n000126,Asian Indian
2343,n000126,Asian Indian
2344,n000126,Asian Indian
2345,n000126,Asian Indian
2346,n000126,Asian Indian
2347,n000126,Asian Indian
2348,n000126,Asian Indian
2349,n000126,Asian Indian
2350,n000012,Caucasian Latin
2351,n000012,Caucasian Latin
2352,n000012,Caucasian Latin
2353,n000012,Caucasian Latin
2354,n000012,Caucasian Latin
2355,n000012,Caucasian Latin
2356,n000012,Caucasian Latin
2357,n000012,Caucasian Latin
2358,n000012,Caucasian Latin
2359,n000012,Caucasian Latin
2360,n000012,Caucasian Latin
2361,n000012,Caucasian Latin
2362,n000012,Caucasian Latin
2363,n000012,Caucasian Latin
2364,n000012,Caucasian Latin
2365,n000012,Caucasian Latin
2366,n000012,Caucasian Latin
2367,n000012,Caucasian Latin
2368,n000012,Caucasian Latin
2369,n000012,Caucasian Latin
2370,n000012,Caucasian Latin
2371,n000012,Caucasian Latin
2372,n000012,Caucasian Latin
2373,n000012,Caucasian Latin
2374,n000012,Caucasian Latin
2375,n000012,Caucasian Latin
2376,n000012,Caucasian Latin
2377,n000012,Caucasian Latin
2378,n000012,Caucasian Latin
2379,n000012,Caucasian Latin
2380,n000012,Caucasian Latin
2381,n000012,Caucasian Latin
2382,n000012,Caucasian Latin
2383,n000012,Caucasian Latin
2384,n000012,Caucasian Latin
2385,n000012,Caucasian Latin
2386,n000012,Caucasian Latin
2387,n000012,Caucasian Latin
2388,n000012,Caucasian Latin
2389,n000012,Caucasian Latin
2390,n000012,Caucasian Latin
2391,n000012,Caucasian Latin
2392,n000012,Caucasian Latin
2393,n000012,Caucasian Latin
2394,n000012,Caucasian Latin
2395,n000012,Caucasian Latin
2396,n000012,Caucasian Latin
2397,n000012,Caucasian Latin
2398,n000012,Caucasian Latin
2399,n000012,Caucasian Latin
2400,n000017,Caucasian Latin
2401,n000017,Caucasian Latin
2402,n000017,Caucasian Latin
2403,n000017,Caucasian Latin
2404,n000017,Caucasian Latin
2405,n000017,Caucasian Latin
2406,n000017,Caucasian Latin
2407,n000017,Caucasian Latin
2408,n000017,Caucasian Latin
2409,n000017,Caucasian Latin
2410,n000017,Caucasian Latin
2411,n000017,Caucasian Latin
2412,n000017,Caucasian Latin
2413,n000017,Caucasian Latin
2414,n000017,Caucasian Latin
2415,n000017,Caucasian Latin
2416,n000017,Caucasian Latin
2417,n000017,Caucasian Latin
2418,n000017,Caucasian Latin
2419,n000017,Caucasian Latin
2420,n000017,Caucasian Latin
2421,n000017,Caucasian Latin
2422,n000017,Caucasian Latin
2423,n000017,Caucasian Latin
2424,n000017,Caucasian Latin
2425,n000017,Caucasian Latin
2426,n000017,Caucasian Latin
2427,n000017,Caucasian Latin
2428,n000017,Caucasian Latin
2429,n000017,Caucasian Latin
2430,n000017,Caucasian Latin
2431,n000017,Caucasian Latin
2432,n000017,Caucasian Latin
2433,n000017,Caucasian Latin
2434,n000017,Caucasian Latin
2435,n000017,Caucasian Latin
2436,n000017,Caucasian Latin
2437,n000017,Caucasian Latin
2438,n000017,Caucasian Latin
2439,n000017,Caucasian Latin
2440,n000017,Caucasian Latin
2441,n000017,Caucasian Latin
2442,n000017,Caucasian Latin
2443,n000017,Caucasian Latin
2444,n000017,Caucasian Latin
2445,n000017,Caucasian Latin
2446,n000017,Caucasian Latin
2447,n000017,Caucasian Latin
2448,n000017,Caucasian Latin
2449,n000017,Caucasian Latin
2450,n000003,Caucasian Latin
2451,n000003,Caucasian Latin
2452,n000003,Caucasian Latin
2453,n000003,Caucasian Latin
2454,n000003,Caucasian Latin
2455,n000003,Caucasian Latin
2456,n000003,Caucasian Latin
2457,n000003,Caucasian Latin
2458,n000003,Caucasian Latin
2459,n000003,Caucasian Latin
2460,n000003,Caucasian Latin
2461,n000003,Caucasian Latin
2462,n000003,Caucasian Latin
2463,n000003,Caucasian Latin
2464,n000003,Caucasian Latin
2465,n000003,Caucasian Latin
2466,n000003,Caucasian Latin
2467,n000003,Caucasian Latin
2468,n000003,Caucasian Latin
2469,n000003,Caucasian Latin
2470,n000003,Caucasian Latin
2471,n000003,Caucasian Latin
2472,n000003,Caucasian Latin
2473,n000003,Caucasian Latin
2474,n000003,Caucasian Latin
2475,n000003,Caucasian Latin
2476,n000003,Caucasian Latin
2477,n000003,Caucasian Latin
2478,n000003,Caucasian Latin
2479,n000003,Caucasian Latin
2480,n000003,Caucasian Latin
2481,n000003,Caucasian Latin
2482,n000003,Caucasian Latin
2483,n000003,Caucasian Latin
2484,n000003,Caucasian Latin
2485,n000003,Caucasian Latin
2486,n000003,Caucasian Latin
2487,n000003,Caucasian Latin
2488,n000003,Caucasian Latin
2489,n000003,Caucasian Latin
2490,n000003,Caucasian Latin
2491,n000003,Caucasian Latin
2492,n000003,Caucasian Latin
2493,n000003,Caucasian Latin
2494,n000003,Caucasian Latin
2495,n000003,Caucasian Latin
2496,n000003,Caucasian Latin
2497,n000003,Caucasian Latin
2498,n000003,Caucasian Latin
2499,n000003,Caucasian Latin
2500,n000018,Caucasian Latin
2501,n000018,Caucasian Latin
2502,n000018,Caucasian Latin
2503,n000018,Caucasian Latin
2504,n000018,Caucasian Latin
2505,n000018,Caucasian Latin
2506,n000018,Caucasian Latin
2507,n000018,Caucasian Latin
2508,n000018,Caucasian Latin
2509,n000018,Caucasian Latin
2510,n000018,Caucasian Latin
2511,n000018,Caucasian Latin
2512,n000018,Caucasian Latin
2513,n000018,Caucasian Latin
2514,n000018,Caucasian Latin
2515,n000018,Caucasian Latin
2516,n000018,Caucasian Latin
2517,n000018,Caucasian Latin
2518,n000018,Caucasian Latin
2519,n000018,Caucasian Latin
2520,n000018,Caucasian Latin
2521,n000018,Caucasian Latin
2522,n000018,Caucasian Latin
2523,n000018,Caucasian Latin
2524,n000018,Caucasian Latin
2525,n000018,Caucasian Latin
2526,n000018,Caucasian Latin
2527,n000018,Caucasian Latin
2528,n000018,Caucasian Latin
2529,n000018,Caucasian Latin
2530,n000018,Caucasian Latin
2531,n000018,Caucasian Latin
2532,n000018,Caucasian Latin
2533,n000018,Caucasian Latin
2534,n000018,Caucasian Latin
2535,n000018,Caucasian Latin
2536,n000018,Caucasian Latin
2537,n000018,Caucasian Latin
2538,n000018,Caucasian Latin
2539,n000018,Caucasian Latin
2540,n000018,Caucasian Latin
2541,n000018,Caucasian Latin
2542,n000018,Caucasian Latin
2543,n000018,Caucasian Latin
2544,n000018,Caucasian Latin
2545,n000018,Caucasian Latin
2546,n000018,Caucasian Latin
2547,n000018,Caucasian Latin
2548,n000018,Caucasian Latin
2549,n000018,Caucasian Latin
2550,n000008,Caucasian Latin
2551,n000008,Caucasian Latin
2552,n000008,Caucasian Latin
2553,n000008,Caucasian Latin
2554,n000008,Caucasian Latin
2555,n000008,Caucasian Latin
2556,n000008,Caucasian Latin
2557,n000008,Caucasian Latin
2558,n000008,Caucasian Latin
2559,n000008,Caucasian Latin
2560,n000008,Caucasian Latin
2561,n000008,Caucasian Latin
2562,n000008,Caucasian Latin
2563,n000008,Caucasian Latin
2564,n000008,Caucasian Latin
2565,n000008,Caucasian Latin
2566,n000008,Caucasian Latin
2567,n000008,Caucasian Latin
2568,n000008,Caucasian Latin
2569,n000008,Caucasian Latin
2570,n000008,Caucasian Latin
2571,n000008,Caucasian Latin
2572,n000008,Caucasian Latin
2573,n000008,Caucasian Latin
2574,n000008,Caucasian Latin
2575,n000008,Caucasian Latin
2576,n000008,Caucasian Latin
2577,n000008,Caucasian Latin
2578,n000008,Caucasian Latin
2579,n000008,Caucasian Latin
2580,n000008,Caucasian Latin
2581,n000008,Caucasian Latin
2582,n000008,Caucasian Latin
2583,n000008,Caucasian Latin
2584,n000008,Caucasian Latin
2585,n000008,Caucasian Latin
2586,n000008,Caucasian Latin
2587,n000008,Caucasian Latin
2588,n000008,Caucasian Latin
2589,n000008,Caucasian Latin
2590,n000008,Caucasian Latin
2591,n000008,Caucasian Latin
2592,n000008,Caucasian Latin
2593,n000008,Caucasian Latin
2594,n000008,Caucasian Latin
2595,n000008,Caucasian Latin
2596,n000008,Caucasian Latin
2597,n000008,Caucasian Latin
2598,n000008,Caucasian Latin
2599,n000008,Caucasian Latin
2600,n000013,Caucasian Latin
2601,n000013,Caucasian Latin
2602,n000013,Caucasian Latin
2603,n000013,Caucasian Latin
2604,n000013,Caucasian Latin
2605,n000013,Caucasian Latin
2606,n000013,Caucasian Latin
2607,n000013,Caucasian Latin
2608,n000013,Caucasian Latin
2609,n000013,Caucasian Latin
2610,n000013,Caucasian Latin
2611,n000013,Caucasian Latin
2612,n000013,Caucasian Latin
2613,n000013,Caucasian Latin
2614,n000013,Caucasian Latin
2615,n000013,Caucasian Latin
2616,n000013,Caucasian Latin
2617,n000013,Caucasian Latin
2618,n000013,Caucasian Latin
2619,n000013,Caucasian Latin
2620,n000013,Caucasian Latin
2621,n000013,Caucasian Latin
2622,n000013,Caucasian Latin
2623,n000013,Caucasian Latin
2624,n000013,Caucasian Latin
2625,n000013,Caucasian Latin
2626,n000013,Caucasian Latin
2627,n000013,Caucasian Latin
2628,n000013,Caucasian Latin
2629,n000013,Caucasian Latin
2630,n000013,Caucasian Latin
2631,n000013,Caucasian Latin
2632,n000013,Caucasian Latin
2633,n000013,Caucasian Latin
2634,n000013,Caucasian Latin
2635,n000013,Caucasian Latin
2636,n000013,Caucasian Latin
2637,n000013,Caucasian Latin
2638,n000013,Caucasian Latin
2639,n000013,Caucasian Latin
2640,n000013,Caucasian Latin
2641,n000013,Caucasian Latin
2642,n000013,Caucasian Latin
2643,n000013,Caucasian Latin
2644,n000013,Caucasian Latin
2645,n000013,Caucasian Latin
2646,n000013,Caucasian Latin
2647,n000013,Caucasian Latin
2648,n000013,Caucasian Latin
2649,n000013,Caucasian Latin
2650,n000019,Caucasian Latin
2651,n000019,Caucasian Latin
2652,n000019,Caucasian Latin
2653,n000019,Caucasian Latin
2654,n000019,Caucasian Latin
2655,n000019,Caucasian Latin
2656,n000019,Caucasian Latin
2657,n000019,Caucasian Latin
2658,n000019,Caucasian Latin
2659,n000019,Caucasian Latin
2660,n000019,Caucasian Latin
2661,n000019,Caucasian Latin
2662,n000019,Caucasian Latin
2663,n000019,Caucasian Latin
2664,n000019,Caucasian Latin
2665,n000019,Caucasian Latin
2666,n000019,Caucasian Latin
2667,n000019,Caucasian Latin
2668,n000019,Caucasian Latin
2669,n000019,Caucasian Latin
2670,n000019,Caucasian Latin
2671,n000019,Caucasian Latin
2672,n000019,Caucasian Latin
2673,n000019,Caucasian Latin
2674,n000019,Caucasian Latin
2675,n000019,Caucasian Latin
2676,n000019,Caucasian Latin
2677,n000019,Caucasian Latin
2678,n000019,Caucasian Latin
2679,n000019,Caucasian Latin
2680,n000019,Caucasian Latin
2681,n000019,Caucasian Latin
2682,n000019,Caucasian Latin
2683,n000019,Caucasian Latin
2684,n000019,Caucasian Latin
2685,n000019,Caucasian Latin
2686,n000019,Caucasian Latin
2687,n000019,Caucasian Latin
2688,n000019,Caucasian Latin
2689,n000019,Caucasian Latin
2690,n000019,Caucasian Latin
2691,n000019,Caucasian Latin
2692,n000019,Caucasian Latin
2693,n000019,Caucasian Latin
2694,n000019,Caucasian Latin
2695,n000019,Caucasian Latin
2696,n000019,Caucasian Latin
2697,n000019,Caucasian Latin
2698,n000019,Caucasian Latin
2699,n000019,Caucasian Latin
2700,n000004,Caucasian Latin
2701,n000004,Caucasian Latin
2702,n000004,Caucasian Latin
2703,n000004,Caucasian Latin
2704,n000004,Caucasian Latin
2705,n000004,Caucasian Latin
2706,n000004,Caucasian Latin
2707,n000004,Caucasian Latin
2708,n000004,Caucasian Latin
2709,n000004,Caucasian Latin
2710,n000004,Caucasian Latin
2711,n000004,Caucasian Latin
2712,n000004,Caucasian Latin
2713,n000004,Caucasian Latin
2714,n000004,Caucasian Latin
2715,n000004,Caucasian Latin
2716,n000004,Caucasian Latin
2717,n000004,Caucasian Latin
2718,n000004,Caucasian Latin
2719,n000004,Caucasian Latin
2720,n000004,Caucasian Latin
2721,n000004,Caucasian Latin
2722,n000004,Caucasian Latin
2723,n000004,Caucasian Latin
2724,n000004,Caucasian Latin
2725,n000004,Caucasian Latin
2726,n000004,Caucasian Latin
2727,n000004,Caucasian Latin
2728,n000004,Caucasian Latin
2729,n000004,Caucasian Latin
2730,n000004,Caucasian Latin
2731,n000004,Caucasian Latin
2732,n000004,Caucasian Latin
2733,n000004,Caucasian Latin
2734,n000004,Caucasian Latin
2735,n000004,Caucasian Latin
2736,n000004,Caucasian Latin
2737,n000004,Caucasian Latin
2738,n000004,Caucasian Latin
2739,n000004,Caucasian Latin
2740,n000004,Caucasian Latin
2741,n000004,Caucasian Latin
2742,n000004,Caucasian Latin
2743,n000004,Caucasian Latin
2744,n000004,Caucasian Latin
2745,n000004,Caucasian Latin
2746,n000004,Caucasian Latin
2747,n000004,Caucasian Latin
2748,n000004,Caucasian Latin
2749,n000004,Caucasian Latin
2750,n000016,Caucasian Latin
2751,n000016,Caucasian Latin
2752,n000016,Caucasian Latin
2753,n000016,Caucasian Latin
2754,n000016,Caucasian Latin
2755,n000016,Caucasian Latin
2756,n000016,Caucasian Latin
2757,n000016,Caucasian Latin
2758,n000016,Caucasian Latin
2759,n000016,Caucasian Latin
2760,n000016,Caucasian Latin
2761,n000016,Caucasian Latin
2762,n000016,Caucasian Latin
2763,n000016,Caucasian Latin
2764,n000016,Caucasian Latin
2765,n000016,Caucasian Latin
2766,n000016,Caucasian Latin
2767,n000016,Caucasian Latin
2768,n000016,Caucasian Latin
2769,n000016,Caucasian Latin
2770,n000016,Caucasian Latin
2771,n000016,Caucasian Latin
2772,n000016,Caucasian Latin
2773,n000016,Caucasian Latin
2774,n000016,Caucasian Latin
2775,n000016,Caucasian Latin
2776,n000016,Caucasian Latin
2777,n000016,Caucasian Latin
2778,n000016,Caucasian Latin
2779,n000016,Caucasian Latin
2780,n000016,Caucasian Latin
2781,n000016,Caucasian Latin
2782,n000016,Caucasian Latin
2783,n000016,Caucasian Latin
2784,n000016,Caucasian Latin
2785,n000016,Caucasian Latin
2786,n000016,Caucasian Latin
2787,n000016,Caucasian Latin
2788,n000016,Caucasian Latin
2789,n000016,Caucasian Latin
2790,n000016,Caucasian Latin
2791,n000016,Caucasian Latin
2792,n000016,Caucasian Latin
2793,n000016,Caucasian Latin
2794,n000016,Caucasian Latin
2795,n000016,Caucasian Latin
2796,n000016,Caucasian Latin
2797,n000016,Caucasian Latin
2798,n000016,Caucasian Latin
2799,n000016,Caucasian Latin
2800,n000002,Caucasian Latin
2801,n000002,Caucasian Latin
2802,n000002,Caucasian Latin
2803,n000002,Caucasian Latin
2804,n000002,Caucasian Latin
2805,n000002,Caucasian Latin
2806,n000002,Caucasian Latin
2807,n000002,Caucasian Latin
2808,n000002,Caucasian Latin
2809,n000002,Caucasian Latin
2810,n000002,Caucasian Latin
2811,n000002,Caucasian Latin
2812,n000002,Caucasian Latin
2813,n000002,Caucasian Latin
2814,n000002,Caucasian Latin
2815,n000002,Caucasian Latin
2816,n000002,Caucasian Latin
2817,n000002,Caucasian Latin
2818,n000002,Caucasian Latin
2819,n000002,Caucasian Latin
2820,n000002,Caucasian Latin
2821,n000002,Caucasian Latin
2822,n000002,Caucasian Latin
2823,n000002,Caucasian Latin
2824,n000002,Caucasian Latin
2825,n000002,Caucasian Latin
2826,n000002,Caucasian Latin
2827,n000002,Caucasian Latin
2828,n000002,Caucasian Latin
2829,n000002,Caucasian Latin
2830,n000002,Caucasian Latin
2831,n000002,Caucasian Latin
2832,n000002,Caucasian Latin
2833,n000002,Caucasian Latin
2834,n000002,Caucasian Latin
2835,n000002,Caucasian Latin
2836,n000002,Caucasian Latin
2837,n000002,Caucasian Latin
2838,n000002,Caucasian Latin
2839,n000002,Caucasian Latin
2840,n000002,Caucasian Latin
2841,n000002,Caucasian Latin
2842,n000002,Caucasian Latin
2843,n000002,Caucasian Latin
2844,n000002,Caucasian Latin
2845,n000002,Caucasian Latin
2846,n000002,Caucasian Latin
2847,n000002,Caucasian Latin
2848,n000002,Caucasian Latin
2849,n000002,Caucasian Latin
2850,n000005,Caucasian Latin
2851,n000005,Caucasian Latin
2852,n000005,Caucasian Latin
2853,n000005,Caucasian Latin
2854,n000005,Caucasian Latin
2855,n000005,Caucasian Latin
2856,n000005,Caucasian Latin
2857,n000005,Caucasian Latin
2858,n000005,Caucasian Latin
2859,n000005,Caucasian Latin
2860,n000005,Caucasian Latin
2861,n000005,Caucasian Latin
2862,n000005,Caucasian Latin
2863,n000005,Caucasian Latin
2864,n000005,Caucasian Latin
2865,n000005,Caucasian Latin
2866,n000005,Caucasian Latin
2867,n000005,Caucasian Latin
2868,n000005,Caucasian Latin
2869,n000005,Caucasian Latin
2870,n000005,Caucasian Latin
2871,n000005,Caucasian Latin
2872,n000005,Caucasian Latin
2873,n000005,Caucasian Latin
2874,n000005,Caucasian Latin
2875,n000005,Caucasian Latin
2876,n000005,Caucasian Latin
2877,n000005,Caucasian Latin
2878,n000005,Caucasian Latin
2879,n000005,Caucasian Latin
2880,n000005,Caucasian Latin
2881,n000005,Caucasian Latin
2882,n000005,Caucasian Latin
2883,n000005,Caucasian Latin
2884,n000005,Caucasian Latin
2885,n000005,Caucasian Latin
2886,n000005,Caucasian Latin
2887,n000005,Caucasian Latin
2888,n000005,Caucasian Latin
2889,n000005,Caucasian Latin
2890,n000005,Caucasian Latin
2891,n000005,Caucasian Latin
2892,n000005,Caucasian Latin
2893,n000005,Caucasian Latin
2894,n000005,Caucasian Latin
2895,n000005,Caucasian Latin
2896,n000005,Caucasian Latin
2897,n000005,Caucasian Latin
2898,n000005,Caucasian Latin
2899,n000005,Caucasian Latin
